MD5,TAG,FILENAMES
3f8cd61f671560fb20da48cd9fd5fe1b,F,['s1-1_011-n.F.obj']
bfdfacf883da9602b4fe4ae80e9d2d91,L,['s1-1_011-n.L.obj']
2acafb386492a3de3efc308876023d3d,M,['s1-1_011-n.M.obj']
b49f2d247ebdd09024033bece1446211,S,"['s1-1_011-n.S.obj', 's1-3_083-n.S.obj']"
a3c8dcabaca2caeab8457e28e1d73b2f,T,['s1-1_011-n.T.obj']
b0e059db50e5bcc94d3d54d9fc37481a,S,"['s1-1_011_2-n.S.obj', 's1-1_019-n.S.obj', 's1-3_092-n.S.obj']"
6908d9536571c39b65cc031e311196b5,S,"['s1-1_011_3-n.S.obj', 's1-1_015-n.S.obj']"
cab7f45748369b609136efe39d3ab773,S,"['s1-1_011_4-n.S.obj', 's1-1_013-n.S.obj', 's1-3_084-n.S.obj']"
1909bba3146c2a9deabd776ee6c21bd0,S,"['s1-1_011_5-n.S.obj', 's1-1_017-n.S.obj', 's1-3_085-n.S.obj']"
55f4e03bbf1bf6ae5ac8951dfeb9fbc4,S,"['s1-1_011_6-n.S.obj', 's1-1_021-n.S.obj']"
7f056541ad493e8377d2fe495d73784c,F,['s1-1_013-n.F.obj']
f59c1a4ac76ed68d9aa800785e7a97e9,L,['s1-1_013-n.L.obj']
2934f6317182425127ce05bf655ac29b,M,['s1-1_013-n.M.obj']
609708ef382c3e65134a6fc95fcc3419,T,['s1-1_013-n.T.obj']
6d542bc15c09ae16507937e1bee3924a,F,['s1-1_015-n.F.obj']
0e8f5735d995f751fca530a94f64d945,L,['s1-1_015-n.L.obj']
d9fcee0d70d4ca9ab8b3e53d98cf07b8,M,['s1-1_015-n.M.obj']
a2ff91d5d81e26c542ac6d8576b18e84,T,['s1-1_015-n.T.obj']
4c7167593b020fc849a9ac0f0474e0e9,F,['s1-1_017-n.F.obj']
4cf745ebc008aa39ebf44fe42c16dd8a,L,"['s1-1_017-n.L.obj', 's1-3_085-n.L.obj']"
63ba819b9dece09e011979a01aee86c0,M,['s1-1_017-n.M.obj']
98ca77a279911d8eacd8d7e71acf643f,T,['s1-1_017-n.T.obj']
beb8ec0a705863e881aad0d31f6d4023,F,"['s1-1_019-n.F.obj', 's1-3_092-n.F.obj']"
12c1ebd724442c31645befb23be258df,L,"['s1-1_019-n.L.obj', 's1-3_092-n.L.obj']"
7cb5c7d4f37c892a3434d07e5270d49b,M,"['s1-1_019-n.M.obj', 's1-3_092-n.M.obj']"
49725d767acf2e9e877d185517c28b00,T,['s1-1_019-n.T.obj']
61394712fc51693a3e9907916a8561a0,F,['s1-1_021-n.F.obj']
b32dcc1f99fd1613dbde9ded5ea43226,L,['s1-1_021-n.L.obj']
bda4e7ab8a725273128417395f1b8bb4,M,['s1-1_021-n.M.obj']
009c0d809cda5492741cdab2205aec37,T,['s1-1_021-n.T.obj']
56b713da44a538c7f3849c71f49b4812,F,['s1-1_023-n.F.obj']
5a3a2b3a07e825529c115445f9e1794c,L,['s1-1_023-n.L.obj']
29928387bc80ca22ff0fc39c4973526f,M,['s1-1_023-n.M.obj']
677821af99c040a6d2b51e2b732fd314,S,"['s1-1_023-n.S.obj', 's1-3_086-n.S.obj']"
5bb80544d5465bd921dc3c6d8888e298,T,['s1-1_023-n.T.obj']
430caad023b3106d47bf62eb473f6e2b,S,"['s1-1_023_2-n.S.obj', 's1-1_025-n.S.obj']"
bdb86ee302966b41dd02b1a8e24eddfd,S,"['s1-1_023_3-n.S.obj', 's1-1_027-n.S.obj', 's1-3_087-n.S.obj']"
47235e5bff27de95acf1717fde4aa4b7,S,"['s1-1_023_4-n.S.obj', 's1-1_029-n.S.obj']"
ab0f2cd34a0f6cc74a7d2f444c9bf58a,S,"['s1-1_023_5-n.S.obj', 's1-1_031-n.S.obj', 's1-3_088-n.S.obj']"
1e99a9187bf6a845b09f2fb2c14fd25a,S,"['s1-1_023_6-n.S.obj', 's1-1_033-n.S.obj']"
98398dc56bc2b96c152dc9ac21d4b446,F,['s1-1_025-n.F.obj']
5529a99c9e581b46925c03c2221dd004,L,['s1-1_025-n.L.obj']
25b826da1c3afca1eff82162a06446dd,M,['s1-1_025-n.M.obj']
b70d516539cec74b2981e7712ad0c14d,T,['s1-1_025-n.T.obj']
d91cd35e1e228d16510b6f859015fb2a,F,['s1-1_027-n.F.obj']
c04c1be6083ab3e92511e8cef9f948ca,L,['s1-1_027-n.L.obj']
b54656af9ca4c897dff8483b62f62e64,M,['s1-1_027-n.M.obj']
69be45087f92f6eecb424f2db55c1418,T,['s1-1_027-n.T.obj']
9b2508b2aebc19fbd40d95520949da5a,F,['s1-1_029-n.F.obj']
8f130079841e3b5b71a8336585bdd259,L,['s1-1_029-n.L.obj']
f16aefbd4ed7c5b2f39a3b6dc28ae634,M,['s1-1_029-n.M.obj']
d90fc37d46287a4b45f9f34aca4a00d7,T,['s1-1_029-n.T.obj']
5dba21762d1d9b679dbb53203b5becb5,F,['s1-1_031-n.F.obj']
f956c10abc2fb35f28fab226480d00d1,L,['s1-1_031-n.L.obj']
a62c9e7dfb2c518a1a8aec1c834effc4,M,['s1-1_031-n.M.obj']
06148fc661875c03f9845e64cab6f397,T,['s1-1_031-n.T.obj']
2d21da1928113bffea2334a76692ff90,F,['s1-1_033-n.F.obj']
d1d0952f308106c2290d1bbe49be8218,L,['s1-1_033-n.L.obj']
f7d7cccb3d1edaba5d8bb54e7080b76f,M,['s1-1_033-n.M.obj']
8210b3b403e6d645065db96d2b7c8405,T,['s1-1_033-n.T.obj']
3ab611f29ebdee0c03facb6fac250f18,F,['s1-1_035-n.F.obj']
451ec3d96c50a8c3bc67fdac4ece18a1,L,['s1-1_035-n.L.obj']
79169dcd403698c162a6b411b1634ef0,M,['s1-1_035-n.M.obj']
fa45734e28aca9cc7fb541c552c11771,S,"['s1-1_035-n.S.obj', 's1-3_089-n.S.obj']"
6fb2dcb8eb5e01d9be2043b029158529,T,['s1-1_035-n.T.obj']
289af3f73760640999476ef7403ba7ae,S,"['s1-1_035_2-n.S.obj', 's1-1_043-n.S.obj']"
1590ee1312e1c09d0e530b761ed4f09d,S,"['s1-1_035_3-n.S.obj', 's1-1_045-n.S.obj']"
4881a82b8750562cae3486774bab8483,S,"['s1-1_035_4-n.S.obj', 's1-1_037-n.S.obj']"
242ff835c5382d6400848bfa44fc0860,S,"['s1-1_035_5-n.S.obj', 's1-1_041-n.S.obj', 's1-3_091-n.S.obj']"
d29438d339da067f2faaa34ce1f67718,S,"['s1-1_035_6-n.S.obj', 's1-1_039-n.S.obj', 's1-3_090-n.S.obj']"
24f4ca10ba972e3b170dea84c5a719a7,F,['s1-1_037-n.F.obj']
57ca09836b9ed2ee3a4da1173e0744f8,L,['s1-1_037-n.L.obj']
64704b8d810b1c8090065ed25c7e1976,M,['s1-1_037-n.M.obj']
fda6481611eaccd3b5c57d5a5cf27589,T,['s1-1_037-n.T.obj']
9a27f01baa39d2fdf9297eee4d4a48d4,F,['s1-1_039-n.F.obj']
27b00dc3fb3a8545b5431b8716348188,L,['s1-1_039-n.L.obj']
2aac3ab7ec92e2ec3a2a3f77b70cd403,M,['s1-1_039-n.M.obj']
282220a96a96d0d6a6bdc3acdd9e4318,T,['s1-1_039-n.T.obj']
226b1c1693b6b6310a88db037fd4d937,F,['s1-1_041-n.F.obj']
862dd3d2060df68280e327c3f3433c1c,L,['s1-1_041-n.L.obj']
c000ae64daead0fb5a6214d8a05e632d,M,['s1-1_041-n.M.obj']
84dd25629b1b708d8bd3b5c2aaf7d11b,T,['s1-1_041-n.T.obj']
d157a5a8df5da83aef3a66bc70d63682,F,['s1-1_043-n.F.obj']
3af18ecdad087df9768706dceb46d300,L,['s1-1_043-n.L.obj']
f0b539d72de55eae47c6c8da67b66970,M,['s1-1_043-n.M.obj']
af4c6e3348ef7196e5432607c170a2a4,T,['s1-1_043-n.T.obj']
dc9a18a6750e40deaaa5658a4fcee875,F,['s1-1_045-n.F.obj']
d98bacb8f66c662cba8fad8fe88d72f6,L,['s1-1_045-n.L.obj']
5c5351ef1656b3e76dd6bffec1e49394,M,['s1-1_045-n.M.obj']
a1f1e157ab6e63bd7dfd58be4a9ff7af,T,['s1-1_045-n.T.obj']
b02caddf657e1c5ab24de2da5852ba0e,F,['s1-1_047-n.F.obj']
0f2d21ded7ff5bb89ffff93b8bb11136,L,['s1-1_047-n.L.obj']
5341e660155fef7866eb82058b713478,M,['s1-1_047-n.M.obj']
3b2da75c8950bb8e33361e73c5158eb2,S,['s1-1_047-n.S.obj']
5877d64a47a812dd1f62ce90a079dea2,T,['s1-1_047-n.T.obj']
ec064253105ce8fdd6b12cf9e29f7c38,S,"['s1-1_047_2-n.S.obj', 's1-1_055-n.S.obj', 's1-3_094-n.S.obj']"
a48e4a2596658e17ede55723c2da6b3f,S,"['s1-1_047_3-n.S.obj', 's1-1_051-n.S.obj']"
ced4cebdd79fc8fa64fa1501c9651461,S,"['s1-1_047_4-n.S.obj', 's1-1_053-n.S.obj']"
f2e5199c8fd96317839a49d1b845d5b4,S,"['s1-1_047_5-n.S.obj', 's1-1_049-n.S.obj', 's1-3_093-n.S.obj']"
52ba6bcf060a569e47e737913a0eaea8,S,"['s1-1_047_6-n.S.obj', 's1-1_057-n.S.obj', 's1-3_097-n.S.obj']"
1536f3a807800670d03c34e99de357e0,F,['s1-1_049-n.F.obj']
511e37b5aaa57d18e4c2150f2ff53d9d,L,['s1-1_049-n.L.obj']
79fb516d7d41ff26f577d4f10d4ad78e,M,['s1-1_049-n.M.obj']
10c185a30c9f4cd4a0260ff7b57bbd6c,T,['s1-1_049-n.T.obj']
3f4ebeeb4f7b2411fb238d1e18dc3398,F,['s1-1_051-n.F.obj']
6136a00e4539e09ee8cdc502e4bc54cc,L,['s1-1_051-n.L.obj']
7936e684e48e20f1d87b45da96fd59fe,M,['s1-1_051-n.M.obj']
65946b6f554f596d01ebef52069600aa,T,['s1-1_051-n.T.obj']
4ec2734a2589de5c725ea7b3a2b21642,F,['s1-1_053-n.F.obj']
de475cc9d7a65d51419de46f7ef696ab,L,['s1-1_053-n.L.obj']
57f9ca25b456b811141e077541d55aef,M,['s1-1_053-n.M.obj']
1ef11de613d881e4940ede7bbc4265ba,T,['s1-1_053-n.T.obj']
56c233342fd3ea13cc246831fa7561f2,F,['s1-1_055-n.F.obj']
9daca1b5bb971eb3e300517f8919dced,L,['s1-1_055-n.L.obj']
921a08849ea5335efae0fd1331a015d8,M,['s1-1_055-n.M.obj']
c9245cf2e5eff73733730df01772b351,T,['s1-1_055-n.T.obj']
f6881559d09f31acfd46f2ab114abc9d,F,['s1-1_057-n.F.obj']
707029b4b112389609bad969bedad165,L,['s1-1_057-n.L.obj']
72c9a3a347926a5aa06bf68a5dba01fb,M,['s1-1_057-n.M.obj']
4ac4c88fce9210c0aa05c18c3ca7dbdf,T,['s1-1_057-n.T.obj']
22bfdf0344aa27090140d01eb94e477b,F,['s1-1_059-n.F.obj']
cbcb7521c4dcea373ce8a635d0e02a11,L,['s1-1_059-n.L.obj']
0198f4bf2f5b6637a99ec5306c3b9779,M,['s1-1_059-n.M.obj']
a0a4d6eab50291297abb1f1e3aabe388,S,['s1-1_059-n.S.obj']
f12e993b62396679d899d8285e469012,T,['s1-1_059-n.T.obj']
668790319cf175e0739d020b4aade541,S,"['s1-1_059_2-n.S.obj', 's1-1_061-n.S.obj', 's1-3_095-n.S.obj']"
800b0bf2b300da3edf5630a656eba971,S,"['s1-1_059_3-n.S.obj', 's1-1_067-n.S.obj', 's1-3_102-n.S.obj']"
b36c642d50a7c937b99dce4aa3e76d41,S,"['s1-1_059_4-n.S.obj', 's1-1_063-n.S.obj']"
268fab921595e7a236aa8553ac4d097c,S,"['s1-1_059_5-n.S.obj', 's1-1_069-n.S.obj']"
00dc38f6b49809f749a1d520a78d8967,S,"['s1-1_059_6-n.S.obj', 's1-1_065-n.S.obj', 's1-3_096-n.S.obj']"
7619e703eac43d6743c8d0a653af9c35,F,['s1-1_061-n.F.obj']
f79878ee245cfb0692e60979ca6c3091,L,['s1-1_061-n.L.obj']
7a62d75e05e5a8fdfe80f6cda3253c63,M,['s1-1_061-n.M.obj']
f4b23620c76debfb5e459ae65e91ab63,T,['s1-1_061-n.T.obj']
84d88ed6d9bfc678688f6879b9f3898f,F,['s1-1_063-n.F.obj']
f2f461e6222e43bcc732c83a7b5d7bb5,L,['s1-1_063-n.L.obj']
67c67afe3dad3819c088dd78f3673797,M,['s1-1_063-n.M.obj']
f7c45faa39a8540f28c6d48958cfe7b3,T,['s1-1_063-n.T.obj']
c094f8880139c7a9931fc2798a4971ab,F,['s1-1_065-n.F.obj']
1f7289eb9e1a635f6702055538cc7f87,L,['s1-1_065-n.L.obj']
8c021a40179c3d25bc61dfa83830614a,M,['s1-1_065-n.M.obj']
4cee5558afb3dfebe21eaf4e2bc6fdcd,T,['s1-1_065-n.T.obj']
63c3b3aba0a619e8df19ffd40d1f6c19,F,['s1-1_067-n.F.obj']
9bc9c2cc3cd9099a8219350559976e69,L,['s1-1_067-n.L.obj']
f8580ac680b76f42ffeb5dde74948ea1,M,['s1-1_067-n.M.obj']
80276fe7b949f89d74c408e139d51e82,T,['s1-1_067-n.T.obj']
72ff3dcd0041cfcb330378f7d315489d,F,['s1-1_069-n.F.obj']
3fc6ee029da9a9e4abc12ceda5a86911,L,['s1-1_069-n.L.obj']
d5730119f8aaee40dd5feacdf3748c24,M,['s1-1_069-n.M.obj']
25fb2fb21b8145e94d01bd392dcd5677,T,['s1-1_069-n.T.obj']
3e37f47a3414a6e6f7466916ae312270,F,['s1-1_071-n.F.obj']
3ec079823bdec50648d3252e77b16943,L,['s1-1_071-n.L.obj']
27712e834730d65a9bc87034f95b3de8,M,['s1-1_071-n.M.obj']
301cc9f22c8bb69e4588f8dd11444196,S,['s1-1_071-n.S.obj']
e298cb34a322755ce311e54ab5171635,T,['s1-1_071-n.T.obj']
58596373973a1efbb1ba5fe6f077e570,S,"['s1-1_071_2-n.S.obj', 's1-1_075-n.S.obj', 's1-3_101-n.S.obj']"
c77589c2acff4cfeb78aefec7d519aa3,S,"['s1-1_071_3-n.S.obj', 's1-1_077-n.S.obj', 's1-3_100-n.S.obj']"
43da0489f8b92e97b0fa0216d6df89ad,S,"['s1-1_071_4-n.S.obj', 's1-1_079-n.S.obj']"
f1d63f51c3787f2e880f6d1e564aadd5,S,"['s1-1_071_5-n.S.obj', 's1-1_073-n.S.obj', 's1-3_098-n.S.obj']"
d1c10686af0f9f4ca73f1518ecc25e89,F,['s1-1_073-n.F.obj']
4486ba6ab33f4df6834b2d3fba70bde0,L,['s1-1_073-n.L.obj']
f203dc18ad68fbfa544ba52439413356,M,['s1-1_073-n.M.obj']
29fad8b330ea751689c12240edd2cef2,T,['s1-1_073-n.T.obj']
ba26304792ec65775b0a81d9f9384a56,F,['s1-1_075-n.F.obj']
557ebc7ff85f03116edd5d961cc91dcb,L,['s1-1_075-n.L.obj']
e64ca1440b843f455d150e3699a50b7d,M,['s1-1_075-n.M.obj']
4a358c544de19c7d59eea1f246d46295,T,['s1-1_075-n.T.obj']
7349bfe73dcc1b2a41bf85da66b13fef,F,['s1-1_077-n.F.obj']
b07ff6b901537fddca6765e61a7e11a5,L,"['s1-1_077-n.L.obj', 's1-3_100-n.L.obj']"
18873a94039ca7f0f8ba8e881a539247,M,['s1-1_077-n.M.obj']
ab4a5fac7d779b3c12e88d9890b910a9,T,['s1-1_077-n.T.obj']
885bc7eb9e77ff9f34d09fc356c7ea33,F,['s1-1_079-n.F.obj']
aa121093bf64710b13f2a86fe00e0310,L,['s1-1_079-n.L.obj']
f5b8d10848928dfb83e9658898cc1627,M,['s1-1_079-n.M.obj']
b34065f4b0613a7da1731fb4ab01017c,T,['s1-1_079-n.T.obj']
0b089a7638ddb862042cf74b9956851e,F,['s1-2_004-n.F.obj']
7b0c2c00c05445eeb3d7cfacb23ec027,L,['s1-2_004-n.L.obj']
c6f81222bc6b8c6ff3963595dc49f615,M,['s1-2_004-n.M.obj']
b5c1728ff597b7fdece6abd24f38596a,S,['s1-2_004-n.S.obj']
edab04570eac3db3e01b6150aa29caf9,T,['s1-2_004-n.T.obj']
81c5458b51268281fb138e3419020f1c,F,['s1-2_005-n.F.obj']
bc3085487f800a3020cbea65a69838ff,L,['s1-2_005-n.L.obj']
279d71d5bdfc114aef1894ff86d3b678,M,['s1-2_005-n.M.obj']
1b289cd21b1ee5301975faa831586023,S,['s1-2_005-n.S.obj']
e7cf66cc795965e4e7a581f7fd9b6a8e,T,['s1-2_005-n.T.obj']
101046c7612d9d2d5dbdb2d1590e7c70,F,['s1-2_006-n.F.obj']
480dccfea540e01190a1546bc699a6e4,L,['s1-2_006-n.L.obj']
674f1e1007e30d562f4a09fdccedf987,M,['s1-2_006-n.M.obj']
7be3fa7be4021173254aeac0b5502b11,S,['s1-2_006-n.S.obj']
fb9e81c40ce027b91e11997eb4ee6180,T,['s1-2_006-n.T.obj']
01458f7dbd2b9469da24faf40de85920,F,['s1-2_007-n.F.obj']
31dd4d78a0fe17b1c91aa15e4847d860,L,['s1-2_007-n.L.obj']
73bbb94f2608cf009e86cafe68b58dbd,M,['s1-2_007-n.M.obj']
c2d1fd32e1bc269714dfc22460ed888e,S,['s1-2_007-n.S.obj']
df13a5b7570b5d95515eb858d2e8cbe1,T,['s1-2_007-n.T.obj']
4a295d21dddb6754e4e235637f4d08d6,F,['s1-3_083-n.F.obj']
854dd0b4fd37b5bcc853dc44147b02e3,L,['s1-3_083-n.L.obj']
fbf9026a8051af6b17eb5e43a24406c1,M,['s1-3_083-n.M.obj']
0cb6c0ed6a3394609aa0dd43a2c22609,T,['s1-3_083-n.T.obj']
f0b74f452762efec7fd4895891e32c75,F,['s1-3_084-n.F.obj']
7f9cdb1dba75462d62d482de79b7d2fa,L,['s1-3_084-n.L.obj']
6dc9f3b8ec20189d3fed067717a4ba3b,M,['s1-3_084-n.M.obj']
4cfe3bcf18f26744d25df3cb03291901,T,['s1-3_084-n.T.obj']
ce4e8ad0939ff3882db982397426a9c8,F,['s1-3_085-n.F.obj']
7d3d491a48754d253cec25c92ba9709d,M,['s1-3_085-n.M.obj']
a4db58e23ce25858982e1360f4d1b114,T,['s1-3_085-n.T.obj']
3b7d1447c841984fae558e554023ca12,F,['s1-3_086-n.F.obj']
21dd8f84b54fc3f03e0df57cbff2c540,L,['s1-3_086-n.L.obj']
fc4340d2b16eae482d0222b21176aa2e,M,['s1-3_086-n.M.obj']
3eae83768f43f8ceb9aa923d8d7707ad,T,['s1-3_086-n.T.obj']
0a07e8070faffdbd5efa84862e9bf40d,F,['s1-3_087-n.F.obj']
8362ce9b8c9525011e65d554a3deb44a,L,['s1-3_087-n.L.obj']
9975c71c0b02ae2306a48406bb59999a,M,['s1-3_087-n.M.obj']
baf914c159bc51f2585173cd10a8345d,T,['s1-3_087-n.T.obj']
18effbb8bbf138a16b73b13b213dd026,F,['s1-3_088-n.F.obj']
47266f98e10d461bd63f52f64b1bc7ab,L,['s1-3_088-n.L.obj']
3ed771b98b4f570ebfc1d5f3a6b6fb03,M,['s1-3_088-n.M.obj']
151227b10d75375f7a41b7314a6d3e1d,T,['s1-3_088-n.T.obj']
c3aeb0912cb361d7b1220c11d0e6f8a8,F,['s1-3_089-n.F.obj']
5fe35bc4105721cfcf460715eb7ebfda,L,['s1-3_089-n.L.obj']
4306d306c0714eab2f35c01cb9d29b90,M,['s1-3_089-n.M.obj']
a5a8732628bd854a09b677879f79662e,T,['s1-3_089-n.T.obj']
eca46b1cea37f1899c81d57e8c93bd3c,F,['s1-3_090-n.F.obj']
39382f4e81e203406af4dc475a8cf16a,L,['s1-3_090-n.L.obj']
3cb52a9c5dd94872e44b7729812edde9,M,['s1-3_090-n.M.obj']
06b7a6795344c16095f2778bbbcc8d6a,T,['s1-3_090-n.T.obj']
d32d2c58eb6879298955f08e1e16d062,F,['s1-3_091-n.F.obj']
0757fcbf851fb9e0ce999fcb211c37e5,L,['s1-3_091-n.L.obj']
48f732fc93bfbfc9574257bfe3e5b097,M,['s1-3_091-n.M.obj']
2fafc893efcfd5b4e1a1b60a00bb17e4,T,['s1-3_091-n.T.obj']
9a83dce0ad04560248fba2404053b9a7,T,['s1-3_092-n.T.obj']
b6ef70a73bb69e9df7b91e48a7e05880,F,['s1-3_093-n.F.obj']
cb5ced2cd526604041029c9ef19d626e,L,['s1-3_093-n.L.obj']
25c20f30ec3e5be830cbc3aac8fa402b,M,['s1-3_093-n.M.obj']
b38a659bbe93dd192fb39f45e3625d3e,T,['s1-3_093-n.T.obj']
8bf90c940bab01e503e0fbc776deedb2,F,['s1-3_094-n.F.obj']
30575fcaaba482b15ae4e0f7bdcd387e,L,['s1-3_094-n.L.obj']
582df6e3d9c760d1f803d1b0994d24cd,M,['s1-3_094-n.M.obj']
16939f8783aec864e8d86f439ffa4c0e,T,['s1-3_094-n.T.obj']
7c69607c6c2ec000b7300581ba717af7,F,['s1-3_095-n.F.obj']
c62ee279b8daac3956878da838f5e85b,L,['s1-3_095-n.L.obj']
a0448c2f4b29dcef75239275bad5e0af,M,['s1-3_095-n.M.obj']
412cfd47120713a9ebb572ecc8386e2c,T,['s1-3_095-n.T.obj']
b9d35bcba9c558170ea011b0f5b4957e,F,['s1-3_096-n.F.obj']
add6a4337af1dee1cb2c464ac6700b49,L,['s1-3_096-n.L.obj']
a83d6b5119afd03dc21bd0279dcaf697,M,['s1-3_096-n.M.obj']
cc4f04721eb7a33fc68d8da9f47f2fef,T,['s1-3_096-n.T.obj']
19d88657bb6cd4382f6d12e111ab20fd,F,['s1-3_097-n.F.obj']
6ad1ac3c25b0ff1b6cf24eb4577573f9,L,['s1-3_097-n.L.obj']
a9be906872091f9417ee9d367df3c294,M,['s1-3_097-n.M.obj']
c1e312aa613c70b11e27a0ebf690b97e,T,['s1-3_097-n.T.obj']
dcd825b9d07ffb6ce1d9f63b1a2ca84e,F,['s1-3_098-n.F.obj']
2d5ed5711dd999fb472d70975c44ad1e,L,['s1-3_098-n.L.obj']
4e1929522fdcf2f13e61dbc3b553fa2c,M,['s1-3_098-n.M.obj']
a3986de2a41e2dfe3ba7106a2a2f838d,T,['s1-3_098-n.T.obj']
53cba2038b75c17f537ef0364bcb7f3c,F,['s1-3_099-n.F.obj']
f0927859e3a68a4d50decbfa4f228003,L,['s1-3_099-n.L.obj']
71a9184dd7aa4d9c3bbf5769a23e7333,M,['s1-3_099-n.M.obj']
1f17047933568992700318151725eaa7,S,['s1-3_099-n.S.obj']
1d5c75d0c544fb25af8b06c942a425f4,T,['s1-3_099-n.T.obj']
1b01a72f36bd67deee469e1faf0e1c1c,F,['s1-3_100-n.F.obj']
77dedacf04bb666c0c9af162873c22e1,M,['s1-3_100-n.M.obj']
9848476df54cb95da51cc279db54cc30,T,['s1-3_100-n.T.obj']
05213b0be5cb908329129194f60c9b00,F,['s1-3_101-n.F.obj']
da0ef4b77d2dc63f5aff0166ac282527,L,['s1-3_101-n.L.obj']
3619a792aaa23d303c1015afb7eebb90,M,['s1-3_101-n.M.obj']
a3b7e2c44560b62498fc1ae75bc4f17a,T,['s1-3_101-n.T.obj']
0b69592b2cac0e6d015e09b1bf8be16f,F,['s1-3_102-n.F.obj']
e76ace74151d245681c5f92d322a8486,L,['s1-3_102-n.L.obj']
0b16825224c2f322924b84c5bf3bcb6e,M,['s1-3_102-n.M.obj']
58c31300adcaa11b86736b7e824bd87b,T,['s1-3_102-n.T.obj']
7ee3e1638a27b0eba70bcee19ca48724,F,['s2-1_016-n.F.obj']
8c0ade392c17abfd7d2f3ba17c9b20ed,L,['s2-1_016-n.L.obj']
39956b17c622185158b600a5797920a4,M,['s2-1_016-n.M.obj']
3ff02d6adf928d157893200bf1a8104e,MW,['s2-1_016-n.MW.obj']
b28799027968700e23efd200d6587120,S,"['s2-1_016-n.S.obj', 's2-2_078-n.S.obj', 's2-2_082-n.S.obj', 's2-3_188-n.S.obj']"
c7bf52de8234d289d35d5fbac4a12887,T,['s2-1_016-n.T.obj']
a62658e2edd91564b3db8b1d39b60c45,TW,['s2-1_016-n.TW.obj']
6e7f03ab4a7c6ba2e5a94cb3f1e9c4cf,F,['s2-1_018-n.F.obj']
df78c3275c100e27fba663c8ea88d2db,L,['s2-1_018-n.L.obj']
7ca2844ee527280538c4e3166dfc4929,M,['s2-1_018-n.M.obj']
8ace9dda242a4492846ccee89edd7fb0,MW,['s2-1_018-n.MW.obj']
49047ecd62f5351e04f60526b9cf4345,S,"['s2-1_018-n.S.obj', 's2-2_076-n.S.obj', 's2-3_189-n.S.obj']"
e2435d106b67223bf2903684535744eb,T,['s2-1_018-n.T.obj']
91c3da29eaa48af9a191a111850a8d36,TW,['s2-1_018-n.TW.obj']
a87bc62b59fdcb4093bf41f6456e1e0f,F,['s2-1_020-n.F.obj']
f36d0c11e9732b2f6dbdbf6010e61b49,L,['s2-1_020-n.L.obj']
3a990964a0b7b5724352f0db85cbed27,M,['s2-1_020-n.M.obj']
5debd88417c63180840797a677924c26,MW,['s2-1_020-n.MW.obj']
0642ce0543368942d91eee8d02a791a4,S,['s2-1_020-n.S.obj']
792b9253cff1544b6e6bea6bf225d481,T,['s2-1_020-n.T.obj']
10d189b1d7ad2040e290417fddc454d6,TW,['s2-1_020-n.TW.obj']
9e5108530003cc3328c58416a93d7d22,F,['s2-1_022-n.F.obj']
f23fac08371bbe3bd14d135fc0be1304,L,['s2-1_022-n.L.obj']
b626b5e5efffb57401929aa6f2fe3195,M,['s2-1_022-n.M.obj']
d3a687488f426690afd828d3b81ff43e,MW,['s2-1_022-n.MW.obj']
f9bd201e293de6e56fd53bf86818f542,S,['s2-1_022-n.S.obj']
1186039023867321826b8f415ced8e42,T,['s2-1_022-n.T.obj']
2b985745adf9cdfba409713c36be7058,TW,['s2-1_022-n.TW.obj']
0d30c573548dae4d8a8fe70b53bb7983,F,['s2-1_024-n.F.obj']
f8f7246a348d906db4ab35b0776568b0,L,['s2-1_024-n.L.obj']
5e9cb0db73517d76a5664977c3745b05,M,['s2-1_024-n.M.obj']
abbc576c048174672bfaa91113293c77,MW,['s2-1_024-n.MW.obj']
a80dfe5a600c8909b2b28dfe99a0d749,S,"['s2-1_024-n.S.obj', 's3-1_132_1-n.S.obj']"
19bbeca217f7f3ef4fc6c1fd93274002,T,['s2-1_024-n.T.obj']
c80eaefc4a7ca6cd3f89090ce4908b25,TW,['s2-1_024-n.TW.obj']
1277225cbafef32d438fe443ee297bab,F,['s2-1_026-n.F.obj']
544c65c7a161130b331fd2f4d867f97b,L,['s2-1_026-n.L.obj']
97e34137c8b3d8180768aa51ac7a3eac,M,['s2-1_026-n.M.obj']
4124e310bc63a1514a29f87dbdde6b2f,MW,['s2-1_026-n.MW.obj']
490517ec1f693255d37cbda0b9ab2d72,S,"['s2-1_026-n.S.obj', 's2-3_192-n.S.obj']"
a3fd48f00c5e3a7dd21abdca4601473a,T,['s2-1_026-n.T.obj']
9f549506fc3334791e7454058a9dc84c,TW,['s2-1_026-n.TW.obj']
ed66747d1181723ffd0c1cac52e68965,F,['s2-1_028-n.F.obj']
a66fa9b0099759023ff5e110b898ca3d,L,['s2-1_028-n.L.obj']
581fcbe0545edfb626c89015f5a1f6cf,M,['s2-1_028-n.M.obj']
9c136330d852732264b783218bd0552c,MW,['s2-1_028-n.MW.obj']
57adc1a2c88f5fb0ee04cdf3890e3894,S,['s2-1_028-n.S.obj']
89e385c6ec020d0daa6bfba5a0c572e3,T,['s2-1_028-n.T.obj']
1b0d1b2df700975e41e69b9954836b98,TW,['s2-1_028-n.TW.obj']
ba6e19a124ce83f4d7d331461cfda93e,F,['s2-1_030-n.F.obj']
c49d1e05f932ce4c5d4b28cd946b07f5,L,['s2-1_030-n.L.obj']
cb22d0e372f677dc529611532ec823b6,M,['s2-1_030-n.M.obj']
e0adea65955beb49ebd06b2ae8e66c5c,MW,['s2-1_030-n.MW.obj']
52ab085fe4dd5262b61a2dce7dd2254b,S,"['s2-1_030-n.S.obj', 's3-2_010_1-n.S.obj', 's3-2_049_1-n.S.obj', 's3-2_052_1-n.S.obj', 's3-2_055_1-n.S.obj']"
3a078d7e7e686d33cfb8630eb53e6d1b,T,['s2-1_030-n.T.obj']
b7b26cee2902a5d51bcd19f0d0dff00e,TW,['s2-1_030-n.TW.obj']
003ceac1c9c54c0315126f3cf72d4039,F,['s2-1_032-n.F.obj']
3ca17f5f0d044da0d021ab480d48663b,L,['s2-1_032-n.L.obj']
4f242c713c8b64079e946a658d07daed,M,['s2-1_032-n.M.obj']
bcd683dc78f3ac918a93d5e0cb31443c,MW,['s2-1_032-n.MW.obj']
edb60d0b8dfe90eb71dfaa22bd23e7de,S,['s2-1_032-n.S.obj']
2e26e03b13ac0a7dc4f500eec34aa51a,T,['s2-1_032-n.T.obj']
bbd680f437140845ea0c34b1d91f1b73,TW,['s2-1_032-n.TW.obj']
346844acc8ef072cb7eceef3f87851fa,F,['s2-1_034-n.F.obj']
df01774d35d75a395c89d60f2c8790ce,L,['s2-1_034-n.L.obj']
d5f251eae7dafb5f6a50a7acd391f1ff,M,['s2-1_034-n.M.obj']
41f72b52b2ce3f557120eab72d974b35,MW,['s2-1_034-n.MW.obj']
4baa3ce5a1a9b7e1605adc64c268afca,S,"['s2-1_034-n.S.obj', 's3-1_114_1-n.S.obj']"
97df68fd5c36f80a8fd30456190061ba,T,['s2-1_034-n.T.obj']
ee649d368fe428568013fd3d3f5f74fc,TW,['s2-1_034-n.TW.obj']
e64399b0d4c5cf189ea5135746323f8e,F,['s2-1_036-n.F.obj']
5ad0976f1b4ea316f6d79440bdba149f,L,['s2-1_036-n.L.obj']
e7c60fcba9f12739e1cd893bd742b359,M,['s2-1_036-n.M.obj']
e39f68aea5d3626e46add09177ff2266,MW,['s2-1_036-n.MW.obj']
113a9f255b2abdcdaea7023d0babdc4a,S,['s2-1_036-n.S.obj']
66a9b02d4a265ab56fcc8476aa3c347a,T,['s2-1_036-n.T.obj']
3ed87e2c6b39386fc8ad0e11ae1104ca,TW,['s2-1_036-n.TW.obj']
5218079a8a3a2a74147fc07cd6b3cef2,F,['s2-1_038-n.F.obj']
a4c61b66df618ded07ad7c6c9db830e8,L,['s2-1_038-n.L.obj']
fbb60d1ae276758b2370614f3f84668b,M,['s2-1_038-n.M.obj']
7d8e7988a29e83f8079439fbd3dc1606,MW,['s2-1_038-n.MW.obj']
68bbf4faba8c9b399945de50db9bf872,S,['s2-1_038-n.S.obj']
d48c526281419c19003a6abe41103525,T,['s2-1_038-n.T.obj']
3eeb71cc35dfc3ca61fc22c7349995e8,TW,['s2-1_038-n.TW.obj']
07af70052e1c3bbde1cc106eaa505f2e,F,['s2-1_040-n.F.obj']
f7018a9b4f9cf57340664e6761142db5,L,['s2-1_040-n.L.obj']
7f6c4c5a0a2e781c8ee07e96cf100264,M,['s2-1_040-n.M.obj']
4aaed810907c4858d42ad6a0fbcbd4ed,MW,['s2-1_040-n.MW.obj']
a3cfd05dfb00d91a44456e214489d1a2,S,['s2-1_040-n.S.obj']
0ccbbf7d0f0a134fde16b59a25bb428e,T,['s2-1_040-n.T.obj']
19baa8fa1ee98cca947103d49aef3bdd,TW,['s2-1_040-n.TW.obj']
e1b469d17a411448eb789c32e319c024,F,['s2-1_042-n.F.obj']
7db93a49ec7e4c5edfecede24be1b726,L,['s2-1_042-n.L.obj']
8fe7989e199709a2eb8bc3ae5becc61f,M,['s2-1_042-n.M.obj']
9e7cffe04cef8d91079d68883f05ee80,MW,['s2-1_042-n.MW.obj']
9db190ac9613c80f023076a785fa08bb,S,"['s2-1_042-n.S.obj', 's2-1_066-n.S.obj']"
9076b76b951ea15c888314767b8b1e86,T,['s2-1_042-n.T.obj']
0f0d7b4bec4cf41f201622b4103227e6,TW,['s2-1_042-n.TW.obj']
cdc7d4e6c73a9eadf01db853cc2c0200,F,['s2-1_044-n.F.obj']
109165edf5212d3db7a61b40dc52c386,L,['s2-1_044-n.L.obj']
a02b467fe8eb2f472d9f54027671327f,M,['s2-1_044-n.M.obj']
1e712c2253fe869222d7d22842017d18,MW,['s2-1_044-n.MW.obj']
ccc807ffc6f0cbfa9f6922bc716d22cd,S,['s2-1_044-n.S.obj']
f909192e47b1e7d6beecb74c2e7ed8ec,T,['s2-1_044-n.T.obj']
699d57e47fad8cd9d251d7903c37205a,TW,['s2-1_044-n.TW.obj']
3c167e118ac7cba11c105f79515c2fb5,F,['s2-1_046-n.F.obj']
06e3350d4d034bee543b34cd37395fc3,L,['s2-1_046-n.L.obj']
b217435f58076613ac56cdb49017bd54,M,['s2-1_046-n.M.obj']
07a4ea392ff256ab42c95317ded8c5eb,MW,['s2-1_046-n.MW.obj']
c293e26e4fe74caa17f17713aa7880de,S,['s2-1_046-n.S.obj']
703d059eb3c571274a05d3acf620c61e,T,['s2-1_046-n.T.obj']
e37ee72e0ef3199ca04da7580eb3d863,TW,['s2-1_046-n.TW.obj']
16caae10ec3137f71bdf2709a66857cb,F,['s2-1_048-n.F.obj']
5570a9566b3741e6db305fb26ff755e0,L,['s2-1_048-n.L.obj']
f623c88b99289ebb2faf909c0482497b,M,['s2-1_048-n.M.obj']
9b8dd91976da0323b1449a74d8bd05d5,MW,['s2-1_048-n.MW.obj']
94d7ef3916db15d78da14ba24047cb0c,S,['s2-1_048-n.S.obj']
79a0637575fb72330ad0266a3caeda4c,T,['s2-1_048-n.T.obj']
0c02a838e8b8b67625e09b134ca11373,TW,['s2-1_048-n.TW.obj']
fcf5340967fd54080c4bfd7077e59a76,F,['s2-1_050-n.F.obj']
26ba9679c4e602ae456172b8aaa86b10,L,['s2-1_050-n.L.obj']
a97a3c2dff11c24ab4064816c83fb46f,M,['s2-1_050-n.M.obj']
73b61b65b6238dd7f02a9d2181a0a1b2,MW,['s2-1_050-n.MW.obj']
8d15f2144244a69741eec05d5e269b33,S,"['s2-1_050-n.S.obj', 's3-1_104_1-n.S.obj', 's3-1_104_2-n.S.obj', 's3-1_104_3-n.S.obj', 's3-1_160_1-n.S.obj', 's3-1_160_2-n.S.obj', 's3-1_160_3-n.S.obj', 's3-1_160_4-n.S.obj', 's3-3_191_1-n.S.obj', 's3_sky_04-g.S.obj', 's3_sky_26-g.S.obj']"
b0d85bb6a09fd798fbeb41d00f7ba65a,T,['s2-1_050-n.T.obj']
b8513ab499a1c4540d3110656ec2884d,TW,['s2-1_050-n.TW.obj']
f81c1f0570f107b1d528263719874a9e,F,['s2-1_052-n.F.obj']
228c9bc754ada63a85466667be60fffa,L,['s2-1_052-n.L.obj']
da4e9dc4d5a959ba9e6a96bf444e19f0,M,['s2-1_052-n.M.obj']
6cd153332fc01eedb000691db6cee0f5,MW,['s2-1_052-n.MW.obj']
8533f75971f038ca56ac9f3c69e2d67d,S,['s2-1_052-n.S.obj']
7afd19f661b8412faf128cb0f6f0cfce,T,['s2-1_052-n.T.obj']
7b3e6a206c7590c482b075acff335081,TW,['s2-1_052-n.TW.obj']
3d37a3863e6dfa70ff707de506671532,F,['s2-1_054-n.F.obj']
431dd4ec2d6016cad652d132b74de8ef,L,['s2-1_054-n.L.obj']
7d2668d9db2145e1158a56a7d5052181,M,['s2-1_054-n.M.obj']
cec55047702b8bbce0fb9e9296cdcdc2,MW,['s2-1_054-n.MW.obj']
bf6bc3ec2e164dbed8e6f73f4ee4d98e,S,['s2-1_054-n.S.obj']
6f1c7f1954531cc9908fa71eadd24f30,T,['s2-1_054-n.T.obj']
193060f2f273d12312daf7fee0c06de2,TW,['s2-1_054-n.TW.obj']
bb6352f28255e50a2d16efcdbfede97b,F,"['s2-1_056-n.F.obj', 's2-2_086-n.F.obj']"
3f9eddb5a5dba1c0d54db71505ac7035,L,"['s2-1_056-n.L.obj', 's2-2_086-n.L.obj']"
f0e0e903ff55f55d3cd50681d2383e59,M,"['s2-1_056-n.M.obj', 's2-2_086-n.M.obj']"
27ce9cfb527af3079e4e249be7552619,MW,"['s2-1_056-n.MW.obj', 's2-2_086-n.MW.obj']"
2cbb9263ed7a3130414e937569fa337b,S,"['s2-1_056-n.S.obj', 's2-2_086-n.S.obj', 's2-2_088-n.S.obj']"
4ab1a6ddc4b53f5f0e64720506a69f3a,T,"['s2-1_056-n.T.obj', 's2-2_086-n.T.obj']"
a34e42a768c1dcf98792485fc83e883d,TW,"['s2-1_056-n.TW.obj', 's2-2_086-n.TW.obj']"
3f30ca206f7da6558fd67ed14250eff7,F,['s2-1_058-n.F.obj']
eb3b133010662cd26f61672e6cba9880,L,['s2-1_058-n.L.obj']
410cc2236bf184b61ab565a313a6bce0,M,['s2-1_058-n.M.obj']
b332b64825853dc8f203b368b4b5243b,MW,['s2-1_058-n.MW.obj']
43a3e27308a984faafc4709497371162,S,"['s2-1_058-n.S.obj', 's2-1_072-n.S.obj', 's3-1_138_1-n.S.obj', 's3-1_138_2-n.S.obj', 's3-1_138_3-n.S.obj', 's3-3_188_1-n.S.obj', 's3_sky_17-g.S.obj']"
20d796f5f3cea1b654ccc3276fdee483,T,['s2-1_058-n.T.obj']
b8c11c97eb7b302965c055d60b5562db,TW,['s2-1_058-n.TW.obj']
6bda8e1737a658a7cfc788c0124fbab9,F,['s2-1_060-n.F.obj']
b50414b8439a4935b0c9372b003ec812,L,['s2-1_060-n.L.obj']
0c1d0e7d9cdbe37721ae3c9d01f0af11,M,['s2-1_060-n.M.obj']
388ca1fcfffb50e353d6d853dfaad33c,MW,['s2-1_060-n.MW.obj']
6d87abd2a7b2db09f6544964015530ca,S,['s2-1_060-n.S.obj']
89730ddd51211e31e4341bc7e85e47d4,T,['s2-1_060-n.T.obj']
2b81f69e95fe0146f0f33ffa8c718d1f,TW,['s2-1_060-n.TW.obj']
9ec080646bb7b9a9a96fb733ac6d01bf,F,['s2-1_062-n.F.obj']
d4ba5f348b456a0f1ca0e114e1764da7,L,['s2-1_062-n.L.obj']
1bbb871884c1dc12c12af656a9769b53,M,['s2-1_062-n.M.obj']
72b5a5b55d829dd156da6c2835978f88,MW,['s2-1_062-n.MW.obj']
6af0b266df62844bcdf240132d0588a6,S,"['s2-1_062-n.S.obj', 's2-3_197-n.S.obj']"
706de5825df32ea136700f8623424ef7,T,['s2-1_062-n.T.obj']
6217a706b0c6b34af5ec2ec0fe21c7b9,TW,['s2-1_062-n.TW.obj']
945f9224f0cb4415b3cd754d2db660ce,F,['s2-1_064-n.F.obj']
c46e82fb8765be0fcf921bb3aa84ccc5,L,['s2-1_064-n.L.obj']
84163339ad6bec2dafee0d5f6254f1c7,M,['s2-1_064-n.M.obj']
d3c9626dfd488ba83f60b86985440af1,MW,['s2-1_064-n.MW.obj']
04d0cc1351d7746adb2e051412ad9d2c,S,['s2-1_064-n.S.obj']
0fb88382a7a728e84aac28c4629d19bf,T,['s2-1_064-n.T.obj']
2856a28da01951672f2a7ffeaaa2b20b,TW,['s2-1_064-n.TW.obj']
1054471e3e860b62914e2348e58fab3d,F,['s2-1_066-n.F.obj']
2e3b8502d99c14442d3f5a37e026b814,L,['s2-1_066-n.L.obj']
edfea8e52aad5fa4c5f7a5c100bc69c2,M,['s2-1_066-n.M.obj']
356654b1565c20ab06ae73cb5238f6ac,MW,['s2-1_066-n.MW.obj']
496b51eefd3e1c46ba5497534c098b66,T,['s2-1_066-n.T.obj']
c401ac679c61a6833f58b906f728245b,TW,['s2-1_066-n.TW.obj']
3ec0a6476931ad37d5f197730e3ee617,F,['s2-1_068-n.F.obj']
0ec5837999f77e24837f9d59762990cf,L,['s2-1_068-n.L.obj']
5fd9171fb29af2daef94b1c5ef58fef9,M,['s2-1_068-n.M.obj']
2b579d870cfb6e9db03324e34bcc904d,MW,['s2-1_068-n.MW.obj']
650584a10bdaf4aa1662efb975ad9bb2,S,['s2-1_068-n.S.obj']
c8a99c489c15841badc4f4a75bc0efef,T,['s2-1_068-n.T.obj']
c2fa7a89ca4b507a5702a14b1bb235d9,TW,['s2-1_068-n.TW.obj']
0e9aae0f59c99537c939020545fd92c0,F,['s2-1_070-n.F.obj']
6b89eb2e799f371a2f835e6b8ece914f,L,['s2-1_070-n.L.obj']
e6e50ae00ba8311ff2c8935ccd005b38,M,['s2-1_070-n.M.obj']
53163ccc150af92c11245d5c183a9ae7,MW,['s2-1_070-n.MW.obj']
0e3c8c03a0188a6ace96ece1f2dc45d3,S,['s2-1_070-n.S.obj']
351b2483da9779ed665af5d9124235b3,T,['s2-1_070-n.T.obj']
d974dc43063e98ccf2415a7c22eba427,TW,['s2-1_070-n.TW.obj']
388d270f7a19ea6fbd06b748a21e1e45,F,['s2-1_072-n.F.obj']
e38a59ad9d3643306e905a72ad98c3a3,L,['s2-1_072-n.L.obj']
244dcf13cb2d73fc9765eb38a78b4dd3,M,['s2-1_072-n.M.obj']
d739d94dcadc6439e567f704d4372526,MW,['s2-1_072-n.MW.obj']
9a7be08d37d096bef88bdc703fb4533d,T,['s2-1_072-n.T.obj']
c4464ce63bb3b90963b354be5eabe7b3,TW,['s2-1_072-n.TW.obj']
8dce3185d7118b5f534c52660ea996c4,F,['s2-2_074-n.F.obj']
e2c5d7084ecc5c1d4bbb3cb9f992bfa6,L,['s2-2_074-n.L.obj']
1f532b2a3a674b426bc30271794dcd0b,M,['s2-2_074-n.M.obj']
35d0a432c40c671ac8cad62d711afbd7,MW,['s2-2_074-n.MW.obj']
54e8216682d999449f265e387099b8eb,S,['s2-2_074-n.S.obj']
3d9fbb6c4f3cc6f2c9b3a8fdbaffa8b3,T,['s2-2_074-n.T.obj']
8b208a5c11392af211ba0824b94e7fa5,TW,['s2-2_074-n.TW.obj']
18a92d8e311bc6c564becfe013fb63f3,F,['s2-2_076-n.F.obj']
d202b9146bb6cc17728eb49c7cf89416,L,['s2-2_076-n.L.obj']
bca0fe1f094c8b7ca1d47ea3570525a6,M,['s2-2_076-n.M.obj']
077221c29bc4d365cb7aaf2b1ba8b928,MW,['s2-2_076-n.MW.obj']
1d4960fdec4232160a97cc4c92f68377,T,['s2-2_076-n.T.obj']
0aab522807eac33dea4dd6019136ac61,TW,['s2-2_076-n.TW.obj']
00c3ed3814a6fd10ab5c626d536945f5,F,['s2-2_078-n.F.obj']
d07d0e94bbe410ce59f8815ddbf0d909,L,['s2-2_078-n.L.obj']
518927810bd0f4567456539d6ef508cc,M,['s2-2_078-n.M.obj']
3114ec106a1024ac12d519c808577da6,MW,['s2-2_078-n.MW.obj']
6f7c923fce807f23af83b8a0d37c5176,T,['s2-2_078-n.T.obj']
3d4f6e6626be285efdc09e4516898148,TW,['s2-2_078-n.TW.obj']
0fe920d9c297ed6fcb4d4b07f66b579e,F,['s2-2_080-n.F.obj']
bf3b49b75aba65d3c2ffecab304c274b,L,['s2-2_080-n.L.obj']
936ad60130e7471ca30ac2273ece1ec6,M,['s2-2_080-n.M.obj']
a890ea96ac0ba0487200ea362a666b42,MW,['s2-2_080-n.MW.obj']
64874371baf4d7725bb71a59ed454784,S,"['s2-2_080-n.S.obj', 's2-2_090-n.S.obj', 's2-2_092-n.S.obj', 's2-2_094-n.S.obj']"
df7de463b14af27865e420a6346298ff,T,['s2-2_080-n.T.obj']
9b5427404301204362bba62991a6bd2a,TW,['s2-2_080-n.TW.obj']
da5910ea19050e1f9384d65a4d8fb852,F,['s2-2_082-n.F.obj']
76911ddbd6b31e95e45a5b781c9cf603,L,['s2-2_082-n.L.obj']
9549084cc82e49bb5a51226c72d3595e,M,['s2-2_082-n.M.obj']
f266d4de976e74a613d4e8d5d863c7cd,MW,['s2-2_082-n.MW.obj']
2bc291ba13df730b432bc74e0b1c8665,T,['s2-2_082-n.T.obj']
6b41ce2724a9d2641e5b9714ac3a528a,TW,['s2-2_082-n.TW.obj']
0a771803f432c7d1541780eecc545750,F,['s2-2_084-n.F.obj']
862ca0bbb2ee1e0afd0b7e263f5ff0af,L,['s2-2_084-n.L.obj']
017f17125a15ef6dc6826f9425b5ae5a,M,['s2-2_084-n.M.obj']
94aef78a11a4b0de22e4535f2e4c185c,MW,['s2-2_084-n.MW.obj']
3200702158058a7617f5101f9b70d687,S,['s2-2_084-n.S.obj']
093e586d9667ca68b6d50eb3aeecf991,T,['s2-2_084-n.T.obj']
14435a0b4479030a6324c3c340670455,TW,['s2-2_084-n.TW.obj']
ae15a997146261609752d0649ba0e3a2,F,['s2-2_088-n.F.obj']
ce5537da60b700862e390501e79943e1,L,['s2-2_088-n.L.obj']
ed7100a8b791153673b1571181d45bb9,M,['s2-2_088-n.M.obj']
337d0fbbdf557091621c1a51dab7ec2c,MW,['s2-2_088-n.MW.obj']
f8cf299214ff3021b756509667d402fc,T,['s2-2_088-n.T.obj']
905cb2ee912e88547db36047423db0b1,TW,['s2-2_088-n.TW.obj']
337dafb42f34fec120a5ada78adbed14,F,['s2-2_090-n.F.obj']
2579833dc44de8181a2816b4b4afd2e9,L,['s2-2_090-n.L.obj']
e7ccb2dcda1956e95b59987d83483009,M,['s2-2_090-n.M.obj']
3548009b74f46cc70dcfe41de32dcd43,MW,['s2-2_090-n.MW.obj']
3a0478eae43b9e370b204e1ebd701ce9,T,['s2-2_090-n.T.obj']
d9dabea1c0728536bb18d6a4b56c12e6,TW,['s2-2_090-n.TW.obj']
618727c8f08e79b01be9185ad36ba20f,F,['s2-2_092-n.F.obj']
7ece878ca5f665ccbce1aabb3a347c76,L,['s2-2_092-n.L.obj']
634a0142de9ef7da186605d1da49a6dd,M,['s2-2_092-n.M.obj']
52664b36aa6468be7f8fc4299e7c414f,MW,['s2-2_092-n.MW.obj']
873ed75f29aadafdda3d01de461e92fb,T,['s2-2_092-n.T.obj']
302a114c9a749314734a36f21c389d52,TW,['s2-2_092-n.TW.obj']
cb8b35e385977e7d418dac7c278e94bb,F,['s2-2_094-n.F.obj']
df7be72316b4aabeaad76bbc90ec49f8,L,['s2-2_094-n.L.obj']
a0b2cd454e6a923a222ac76c6bee64dc,M,['s2-2_094-n.M.obj']
ea5038ef31e6dad3b05c6d695d9bbee3,MW,['s2-2_094-n.MW.obj']
ee2dfb2555649a0e22aa71a926b36022,T,['s2-2_094-n.T.obj']
a4e3b2c82d34fc4edbf95f7d66f636ae,TW,['s2-2_094-n.TW.obj']
4511da67bd7e40f02dbf526815cc9919,F,['s2-2_096-n.F.obj']
08d5999cb7132cb01d3dba36e1c10036,L,['s2-2_096-n.L.obj']
2d839e88331a9c26283453f9785f810a,M,['s2-2_096-n.M.obj']
bb5dad8d7287f4023e33774ab234ab07,MW,['s2-2_096-n.MW.obj']
98f0e9eea27029c4651d84eb293a227c,S,"['s2-2_096-n.S.obj', 's2-3_194-n.S.obj']"
74b72f7d497240ec7cabac1b9d3ca44b,T,['s2-2_096-n.T.obj']
ce45d0c1e7a4533e5c053af6dcd5ae60,TW,['s2-2_096-n.TW.obj']
19dbe6810894a2e87c60123e0d4e87b2,F,['s2-3_188-n.F.obj']
c9ca6f8796edf62f79a68199074f7083,L,['s2-3_188-n.L.obj']
e401ef2e0aa1f3018c919e29cdcefe98,M,['s2-3_188-n.M.obj']
aede11b648a478fb37b638db8ebfd7f2,MW,['s2-3_188-n.MW.obj']
2856ae87259e0511448805130e810eab,T,['s2-3_188-n.T.obj']
754c7f0aff4b4ab49f3a106322b4f8f0,TW,['s2-3_188-n.TW.obj']
30fb811c07476e4d4c59663f2ea1dbea,F,['s2-3_189-n.F.obj']
c6e7e08bf95110e90a9d73652304aff6,L,['s2-3_189-n.L.obj']
b8b3377bab13022c96ceed19f5212827,M,['s2-3_189-n.M.obj']
70222758ff5f1cd44abe55c183b60030,MW,['s2-3_189-n.MW.obj']
bd7342c76cabd466ef5813b29f213287,T,['s2-3_189-n.T.obj']
3d9d9c249e3f68ed74527a47fbd1eab7,TW,['s2-3_189-n.TW.obj']
a57f1a5aee2bedd4e05a7b1069041871,F,['s2-3_190-n.F.obj']
0091db7f52ead69005884e1146e4f367,L,['s2-3_190-n.L.obj']
fac8ae09f983c5a8e1551cf728e6aaa3,M,['s2-3_190-n.M.obj']
62da5e571fcca560718f7f89f38de790,MW,['s2-3_190-n.MW.obj']
58ae74a920f6da601b5018269379c951,S,['s2-3_190-n.S.obj']
93d2e84ad5aa9f65c169532b792e71cc,T,['s2-3_190-n.T.obj']
47ceec0e232ddc18f0db81f2356209ff,TW,['s2-3_190-n.TW.obj']
9d9f3531a82bfd8778bc959b0fad4697,F,['s2-3_191-n.F.obj']
ae5dd71e6ac31b1dcd9b27087774a0f4,L,['s2-3_191-n.L.obj']
8f1fd7c6384cd50f69f6a5305497d49c,M,['s2-3_191-n.M.obj']
4ad8bb6aca2259a45a4e822e91db97fa,MW,['s2-3_191-n.MW.obj']
d709fb27ccc4671cb909d6d0f68af010,S,['s2-3_191-n.S.obj']
c3b0b5275e581f776b7c8e5359a3fd7b,T,['s2-3_191-n.T.obj']
7ba9fbfb7610323eaaf7accd85ed24ed,TW,['s2-3_191-n.TW.obj']
ef069bd55229f45a68a5ea899ded9663,F,['s2-3_192-n.F.obj']
7d2aa07787d42e80b24d8cde9e7038c2,L,['s2-3_192-n.L.obj']
91afecf2af050369dedafa0867f72ef2,M,['s2-3_192-n.M.obj']
1ec10daaaa0f2f32577b87130b12dc65,MW,['s2-3_192-n.MW.obj']
8751b1b47ff7b191992b8134dfcbebb6,T,['s2-3_192-n.T.obj']
27b9f86b0d794df8f5859428409a112a,TW,['s2-3_192-n.TW.obj']
6286edb0dfeff72bfc77bbe6b181df20,F,['s2-3_193-n.F.obj']
e1a8a011c0b2e8f8a0665e6b70aa80d3,L,['s2-3_193-n.L.obj']
cd469724aa3b6d629a3c68ac722dfe3b,M,['s2-3_193-n.M.obj']
5af44f57c7463961258bdeec39f27221,MW,['s2-3_193-n.MW.obj']
bd414199ec2fc5f430eb629c5c4e7a49,S,['s2-3_193-n.S.obj']
7bf11f2e361beb572449763799d02d4b,T,['s2-3_193-n.T.obj']
618d351e9f75e9ad3b0561f0f376db56,TW,['s2-3_193-n.TW.obj']
54f181a8c8e260998e7a76465f7e4a15,F,['s2-3_194-n.F.obj']
2b9cacacf94641511556f8fb58d62804,L,['s2-3_194-n.L.obj']
9cdb1b8865d535089ce7df5a5d34f33a,M,['s2-3_194-n.M.obj']
c4776e04b8e33d5b46bbd71cba54e75d,MW,['s2-3_194-n.MW.obj']
76ceb3d83784306c97deb855c218442e,T,['s2-3_194-n.T.obj']
54bcce97cbb4e377ad60581a355b2420,TW,['s2-3_194-n.TW.obj']
084690a4b0b5031fc4916d8cb238ed0d,F,['s2-3_195-n.F.obj']
08c4a3669fb3dc8c6f2dd3ab8038398e,L,['s2-3_195-n.L.obj']
922cf3c8cd4e01832a92ed4521137caa,M,['s2-3_195-n.M.obj']
e9b14ad36e6b52aa0bf8be64bc178041,MW,['s2-3_195-n.MW.obj']
8fcf9fbacb441f39a2748a63b44c6207,S,['s2-3_195-n.S.obj']
9d323e458f718898d6c19330153d4b92,T,['s2-3_195-n.T.obj']
dd4e11320913edd2b5728d0ffc45c3b0,TW,['s2-3_195-n.TW.obj']
a7881aaa431ab9583b63911bb0710cf1,F,['s2-3_196-n.F.obj']
030d5c2148d6cddf6d542cc6173e6582,L,['s2-3_196-n.L.obj']
2a6e2b90dec5eb09b52fe6120fc387f7,M,['s2-3_196-n.M.obj']
6330d0870dbbc038480d253eac8b03ba,MW,['s2-3_196-n.MW.obj']
099aeae1270e3243d19b25652f20c9df,S,['s2-3_196-n.S.obj']
1ad21c6a755ce5c00970edc7c043c8fb,T,['s2-3_196-n.T.obj']
3faa4454ef7ed18794865a2759c542b1,TW,['s2-3_196-n.TW.obj']
b8bdfcbe1eaf60bf28b4ce4cf1950166,F,['s2-3_197-n.F.obj']
0d337c035f9e5614e7de76c1e1c6aeaf,L,['s2-3_197-n.L.obj']
ff0d85a9de0ecc0f62ba9799b5f2f992,M,['s2-3_197-n.M.obj']
9365261a92d91501300dbec374050d4a,MW,['s2-3_197-n.MW.obj']
6ac05e6b266cfa84e9678e3312636a37,T,['s2-3_197-n.T.obj']
8b47e7e1719902aa139c214cd8187e00,TW,['s2-3_197-n.TW.obj']
6fdc83b17fe1366d1b32e2e4efb3cf45,F,['s3-1_098_1-n.F.obj']
dc8f36aec22acb25e2dc36a0349075b3,L,['s3-1_098_1-n.L.obj']
0c2ddb5ba90991e14464f279604ada9f,M,['s3-1_098_1-n.M.obj']
b35b0eccafc30c77341f2d940502d314,MW,['s3-1_098_1-n.MW.obj']
4a52029f2669ae8c1e160ed41f269a32,S,"['s3-1_098_1-n.S.obj', 's3-2_013_1-n.S.obj', 's3-2_058_1-n.S.obj', 's3_sky_01-g.S.obj']"
596cded4702c942d8e3391a13853f8ff,T,['s3-1_098_1-n.T.obj']
b65a3f7806c1048e1efb5d868427a697,TW,['s3-1_098_1-n.TW.obj']
8a41095070af9c0c468221e64f689d30,F,['s3-1_100_1-n.F.obj']
4885ea338cc217e10cfac9570adfdddd,L,['s3-1_100_1-n.L.obj']
560cb6c75682085c3c4e4d04fd615ff4,M,['s3-1_100_1-n.M.obj']
1aac575f5c657e39f677d319ed835dca,MW,['s3-1_100_1-n.MW.obj']
cbc8651a6821126a55fe611220e5ddcf,S,"['s3-1_100_1-n.S.obj', 's3-1_100_2-n.S.obj', 's3-1_100_3-n.S.obj', 's3_sky_02-g.S.obj']"
daf007b1f5ffa79c77c2b4ed97846b0c,T,['s3-1_100_1-n.T.obj']
d2fcd9a3b91de67a63eb7b61e9ccf0d0,TW,['s3-1_100_1-n.TW.obj']
090ded068c81c571b609c59dcd43d3c7,F,['s3-1_100_2-n.F.obj']
d729e294a9b02a47aa57a8dc2fb749c2,L,['s3-1_100_2-n.L.obj']
8d4def74a53089f6b29fb7ce02401186,M,['s3-1_100_2-n.M.obj']
fd09aa0afe48c1fd8042bf08e2a5c007,MW,['s3-1_100_2-n.MW.obj']
8bfd504341c071c85230e9c9898689dc,T,['s3-1_100_2-n.T.obj']
195e95c7d4eb07b84bbf179210070712,TW,['s3-1_100_2-n.TW.obj']
c2977d66ef66139d9cd6d8297628a5aa,F,['s3-1_100_3-n.F.obj']
7343bc5d3a8dda5c29841e6923c4b87e,L,['s3-1_100_3-n.L.obj']
374cfdb3171f60bceb1a712396899a1b,M,['s3-1_100_3-n.M.obj']
30102ca1a1fdd5a870c4f07cb358ff7d,MW,['s3-1_100_3-n.MW.obj']
f500dbe5b28ecc2c30cf39aad06371b4,T,['s3-1_100_3-n.T.obj']
defdc1771d4ccd387de4fb6d560e0ba7,TW,['s3-1_100_3-n.TW.obj']
d9be543cb0b8eb31138e5c910076a824,F,['s3-1_102_1-n.F.obj']
c32ef4c92b951b4099623a5be48ee411,L,['s3-1_102_1-n.L.obj']
0e3c72877d9720a85ca77049a032442d,M,['s3-1_102_1-n.M.obj']
4dd961dc1e00a2a515e6f5db44b50e03,MW,['s3-1_102_1-n.MW.obj']
5fbe62b3939ce3fd0a0945681a8ac5a9,S,"['s3-1_102_1-n.S.obj', 's3-1_102_2-n.S.obj', 's3-1_102_3-n.S.obj', 's3-3_194_1-n.S.obj', 's3_sky_03-g.S.obj']"
18b8d57511f1267c84a71ed81b520d06,T,['s3-1_102_1-n.T.obj']
4a60e6b17f74373ef54c62bba95991de,TW,['s3-1_102_1-n.TW.obj']
29ae27f66e2773cb7a288ca68e7708ec,F,['s3-1_102_2-n.F.obj']
06393c98098f4c67a06a3937f4fc60df,L,['s3-1_102_2-n.L.obj']
5aa60124dfe5598e917535137ea8156a,M,['s3-1_102_2-n.M.obj']
d4c6ff1743e25212c2ce872bbadc285f,MW,['s3-1_102_2-n.MW.obj']
411201c446faffb5cc56975e9f6c5470,T,['s3-1_102_2-n.T.obj']
8549c1f8bab1bca95a996b9e87cffbcd,TW,['s3-1_102_2-n.TW.obj']
2cb32296621b1152b4032d8742295a40,F,['s3-1_102_3-n.F.obj']
104e10df74617327dfbf0de236c8a9dd,L,['s3-1_102_3-n.L.obj']
7b86be812ead87b8ee857602c1c0b343,M,['s3-1_102_3-n.M.obj']
5dd1a1d4a2eb42e82102a88a8b52a05f,MW,['s3-1_102_3-n.MW.obj']
59aea436113e3c10febda7b4954e4b78,T,['s3-1_102_3-n.T.obj']
9dea4a488d093b8242ea97a0049081e2,TW,['s3-1_102_3-n.TW.obj']
f27ab322bd000a71336766e37f9e271a,F,['s3-1_104_1-n.F.obj']
399e79d8ba0bff411c52a296a5c4336e,L,['s3-1_104_1-n.L.obj']
44decf233ea8fb761665ad5f333454eb,M,['s3-1_104_1-n.M.obj']
ee4b903d676c243e0470abdde7f55020,MW,['s3-1_104_1-n.MW.obj']
2530100d1453c3cc640a087836a258ee,T,['s3-1_104_1-n.T.obj']
02ee661b064b67ee200728da2e0b2480,TW,['s3-1_104_1-n.TW.obj']
84d98ba1082013224d3f8aae50e84031,F,['s3-1_104_2-n.F.obj']
7651e93182362cc6b3765f990115c268,L,['s3-1_104_2-n.L.obj']
06b16088e00ec790d3e7d99e0b8427e4,M,['s3-1_104_2-n.M.obj']
35e8f2ceaf3423efd8a3cdf12cf7daa9,MW,['s3-1_104_2-n.MW.obj']
d9b96c666040465a76fa0b465a1d6ef0,T,['s3-1_104_2-n.T.obj']
b57a36ba2bbb5a20552705c7c87ed4db,TW,['s3-1_104_2-n.TW.obj']
494f76a8ab0f2f23605490670e69af5e,F,['s3-1_104_3-n.F.obj']
506910c7e68177fec82f51213d5eca6e,L,['s3-1_104_3-n.L.obj']
6768daaa18414659fe8c3a6050491dac,M,['s3-1_104_3-n.M.obj']
b8aef34c54ee8cedf30d2f1f30b0fde9,MW,['s3-1_104_3-n.MW.obj']
4fe96db4da310403b0744b61a6a7508c,T,['s3-1_104_3-n.T.obj']
2fa11d51d9e0ec286367662573d78a18,TW,['s3-1_104_3-n.TW.obj']
d223db84fc4a61eece82f561f9df5812,F,['s3-1_106_1-n.F.obj']
2fe1d8f3590da6cd175484303ad46627,L,['s3-1_106_1-n.L.obj']
bb24f98315050918c1af1856d06ff198,M,['s3-1_106_1-n.M.obj']
ce0b72b277112e1fee54dd5c23c3645e,MW,['s3-1_106_1-n.MW.obj']
312d69c0800d57526af16aa4d4d1e5a3,S,"['s3-1_106_1-n.S.obj', 's3-1_106_2-n.S.obj', 's3-1_106_3-n.S.obj', 's3-1_106_4-n.S.obj', 's3-3_185_1-n.S.obj', 's3_sky_05-g.S.obj']"
a1abeaa54342db1d98b891395b7455a5,T,['s3-1_106_1-n.T.obj']
ac0418a70658d73a46396ee9b6f745c6,TW,['s3-1_106_1-n.TW.obj']
2cff52b2c565a289d6af41b3055107de,F,['s3-1_106_2-n.F.obj']
4712d5d24563aca80fcfdd4d5dcf108d,L,['s3-1_106_2-n.L.obj']
7fff2dabeaa1a67ec2ef1517ee0ab6d6,M,['s3-1_106_2-n.M.obj']
386302bcf8b6c0ae546ce420c8078c55,MW,['s3-1_106_2-n.MW.obj']
8e8db5762a6c1d49e817be5ba283e730,T,['s3-1_106_2-n.T.obj']
b749881f43375f3726832823c4b03c23,TW,['s3-1_106_2-n.TW.obj']
4dc38b76d4b7cdf24e273e6a365bac1e,F,['s3-1_106_3-n.F.obj']
c5eb489eb069bbe36984d6b39e2eaac4,L,['s3-1_106_3-n.L.obj']
21be3d0f5a4d93e48e70f6a6cfeb17a9,M,['s3-1_106_3-n.M.obj']
2d1a7b69063f57081e4254dc02906096,MW,['s3-1_106_3-n.MW.obj']
6384aada67719084b6c8d820659dd826,T,['s3-1_106_3-n.T.obj']
f9cbc3d830c4cb3b642b972832f8c27d,TW,['s3-1_106_3-n.TW.obj']
73b146657cd00ae3ec5cd7265c75decf,F,['s3-1_106_4-n.F.obj']
38c92474a73d78666347d1cd73a09161,L,['s3-1_106_4-n.L.obj']
8fc70c7124e8a346cebafe146120319f,M,['s3-1_106_4-n.M.obj']
573349295b74541d2cba9ea26d6ecd00,MW,['s3-1_106_4-n.MW.obj']
985132cede85f0593f16ba356b9ec6a6,T,['s3-1_106_4-n.T.obj']
5fe0d2ea22d275d4db31226bcd5334df,TW,['s3-1_106_4-n.TW.obj']
151e2cc051a75e5bae8ba2629cf6beec,F,['s3-1_108_1-n.F.obj']
85d15934435b6fa9e07226484a8e4a0a,L,['s3-1_108_1-n.L.obj']
7a590359836971172d80d50ede6a17e2,M,['s3-1_108_1-n.M.obj']
c18aad67e2d4546101cb01cb7f3093ad,MW,['s3-1_108_1-n.MW.obj']
0ac00308f5e33756fd288d631d54b8f4,S,"['s3-1_108_1-n.S.obj', 's3_sky_06-g.S.obj']"
0b795c98271006b214047b083ece8f22,T,['s3-1_108_1-n.T.obj']
5fbb13344a93094e934f981ca4ce9032,TW,['s3-1_108_1-n.TW.obj']
a4100102c4ab2b148ce82ec3d5bb2542,F,['s3-1_110_1-n.F.obj']
8335d22e27bf749e6269ad4c12bed33d,L,['s3-1_110_1-n.L.obj']
2742dbf94b622339eca7c7acd0bec966,M,['s3-1_110_1-n.M.obj']
e40841b3b94652eafdd6481f7b80683e,MW,['s3-1_110_1-n.MW.obj']
fc40f1c3696ac139cd5139bd1b0ff0a4,S,"['s3-1_110_1-n.S.obj', 's3-1_116_1-n.S.obj', 's3-1_146_1-n.S.obj', 's3-2_019_1-n.S.obj', 's3-2_040_1-n.S.obj', 's3-3_184_1-n.S.obj', 's3_sky_07-g.S.obj', 's3_sky_08-g.S.obj', 's3_sky_21-g.S.obj']"
619340b11a3fdd1ec460c3c9158c9ee6,T,['s3-1_110_1-n.T.obj']
d1eda004acc57f5524435bad756e1939,TW,['s3-1_110_1-n.TW.obj']
3e9f1113af93a08b670213ef2dd27c6c,F,['s3-1_112_1-n.F.obj']
3afb100ae8e62e7145bcb53405ae8471,L,['s3-1_112_1-n.L.obj']
85c13ab515d0cf75e0863911f93aaa7d,M,['s3-1_112_1-n.M.obj']
6e439ecd781119ca74ee612757255e32,MW,['s3-1_112_1-n.MW.obj']
d754e8c6c83aa1eaee4c2101e5bdf680,S,['s3-1_112_1-n.S.obj']
73186feb2dbdd090f57aeda9e8ad0891,T,['s3-1_112_1-n.T.obj']
80f54faa2c9e9921c9a2a7bfdf5e1b82,TW,['s3-1_112_1-n.TW.obj']
26a4f754178bdfb657238ce0130ced5f,F,['s3-1_114_1-n.F.obj']
e7c9a9786d123f8a2204edea73b82542,L,['s3-1_114_1-n.L.obj']
9494018228847ed144ed935f459baf91,M,['s3-1_114_1-n.M.obj']
c289a2c3e125a6e9db1e60797da4f34b,MW,['s3-1_114_1-n.MW.obj']
1495d40b1bb358bb60ae2d85d6f394ed,T,['s3-1_114_1-n.T.obj']
1c9e8f9d558fd942f37d573693ced326,TW,['s3-1_114_1-n.TW.obj']
a1cdc0f4bac09cffdd67770efc539ed7,F,['s3-1_116_1-n.F.obj']
a3c8d053bb927e35178f315420d3032b,L,['s3-1_116_1-n.L.obj']
f10ff072be80add1199fa99ac592fec3,M,['s3-1_116_1-n.M.obj']
e437d92c4b7eea67e39a7da8957948d1,MW,['s3-1_116_1-n.MW.obj']
368fdbdd19ede356004e204a78d46637,T,['s3-1_116_1-n.T.obj']
c1a404489ab5b8ebefed4042da8440a0,TW,['s3-1_116_1-n.TW.obj']
27caff3f1c7ae2a10e5d657ba3d25523,F,['s3-1_118_1-n.F.obj']
e1a91bc7bf76f0c3a6e16691d702746b,L,['s3-1_118_1-n.L.obj']
e13aac4a3eff56f3129c51ee98f56dc2,M,['s3-1_118_1-n.M.obj']
a283493fa9311b826bc71b1d26d62df3,MW,['s3-1_118_1-n.MW.obj']
83f9ecf4c8d610160c5a4d9d8f8ee219,S,"['s3-1_118_1-n.S.obj', 's3-1_118_2-n.S.obj', 's3-1_118_3-n.S.obj', 's3-3_186_1-n.S.obj', 's3_sky_09-g.S.obj']"
c84abf39583a8b3a8e49f3b6fde03263,T,['s3-1_118_1-n.T.obj']
e210c4222d362f6e4ca0cfb55a8505c9,TW,['s3-1_118_1-n.TW.obj']
7a7e442041430b6b0ecfdf37e53e9979,F,['s3-1_118_2-n.F.obj']
e77c16ff2602c8e7a3b520ee0f10c312,L,['s3-1_118_2-n.L.obj']
23b86c89e47948858053a4757c706f98,M,['s3-1_118_2-n.M.obj']
201da6d405dc185929e20930dc180b17,MW,['s3-1_118_2-n.MW.obj']
6a5ea7130d1cc8ec4f0c09ab339d9b3c,T,['s3-1_118_2-n.T.obj']
f43cc24978e34347f52bf0703675976d,TW,['s3-1_118_2-n.TW.obj']
da47420e57a1a7f0e70e5acdade474d8,F,['s3-1_118_3-n.F.obj']
9a93940216593b36189aaea23d8aecda,L,['s3-1_118_3-n.L.obj']
0448cf83d1e413da6368151632d7c899,M,['s3-1_118_3-n.M.obj']
47bc7afabf6818b7a035ee9c64f1b5b0,MW,['s3-1_118_3-n.MW.obj']
a728f0ca54f119b94787d36a48b4b863,T,['s3-1_118_3-n.T.obj']
209d99e6c8d1570599ea15ac4e8015f8,TW,['s3-1_118_3-n.TW.obj']
2f0360d838a2c8b7669ea83d9e44b13c,F,['s3-1_120_1-n.F.obj']
7eedae7e28d41890d50fcb09ebed5ec0,L,['s3-1_120_1-n.L.obj']
fe35f8813464ef6673da4f4e459f0eff,M,['s3-1_120_1-n.M.obj']
f12af1e901ff7f1509ec31d952255dcd,MW,['s3-1_120_1-n.MW.obj']
c27c83e75e244ba69e83ed6a7e69f639,S,"['s3-1_120_1-n.S.obj', 's3-1_120_2-n.S.obj', 's3-1_120_3-n.S.obj', 's3_sky_10-g.S.obj']"
da21b41fdaea389b532c5120d5f8d914,T,['s3-1_120_1-n.T.obj']
eb096bbbabaf595182790c18fab61bc6,TW,['s3-1_120_1-n.TW.obj']
9cbd22eaec45cab7bc2644b27d93ab55,F,['s3-1_120_2-n.F.obj']
bdc6e5b7e77ba0f6f3ee2c6ee99bc3bc,L,['s3-1_120_2-n.L.obj']
862c7be9bdad1ccc8a83993c828b1a54,M,['s3-1_120_2-n.M.obj']
b2ec72c9e0ae51c26f3a0e6cf0c30177,MW,['s3-1_120_2-n.MW.obj']
7d01518ea990f15bfab5b4cf648528ac,T,['s3-1_120_2-n.T.obj']
2647dc7cc21e4d8af69b32c43d8c6106,TW,['s3-1_120_2-n.TW.obj']
608c7754c31628ee982849fb3d1a1241,F,['s3-1_120_3-n.F.obj']
9efa2b2d901b152a71e584bdb9c7b33e,L,['s3-1_120_3-n.L.obj']
fac97b3c819392f6822692f91a34d569,M,['s3-1_120_3-n.M.obj']
1ee1fd5aa107bf684ad9f82fab1d4f90,MW,['s3-1_120_3-n.MW.obj']
8d384b6ad7104dea59fed2e6276c353f,T,['s3-1_120_3-n.T.obj']
6890f715048a7d9d2863514b96953b5b,TW,['s3-1_120_3-n.TW.obj']
e5bdb8ea9bd6a09b13832d371e4fc43f,F,['s3-1_122_1-n.F.obj']
bb2e94504e0b0a4a46572fdafda395f6,L,['s3-1_122_1-n.L.obj']
18ed1d20e3fde08a0589af64dbc8fee1,M,['s3-1_122_1-n.M.obj']
e190f90e124c9ef643addfa89a66805a,MW,['s3-1_122_1-n.MW.obj']
e5765d3bffba5f3c7cc73c7b5c6e1c72,S,"['s3-1_122_1-n.S.obj', 's3-1_122_2-n.S.obj', 's3-1_122_3-n.S.obj', 's3_sky_11-g.S.obj']"
012e2ce48c5424bd2bee1d6547861554,T,['s3-1_122_1-n.T.obj']
513bd96efa6d664476a30976657f4330,TW,['s3-1_122_1-n.TW.obj']
c83370ad37c16b7cc0c2e5b07bbf05fb,F,['s3-1_122_2-n.F.obj']
6c74fd64f3815f7dfc421d2c9500ef36,L,['s3-1_122_2-n.L.obj']
29a1b0e7abec07e8fe059c8aa1c2e540,M,['s3-1_122_2-n.M.obj']
0bd9e09b1e8a8ce78d1bca044def13a0,MW,['s3-1_122_2-n.MW.obj']
68d7b9a6df17681ab007709d9c93c6a1,T,['s3-1_122_2-n.T.obj']
47981a8d33aa8dd938a0e53111930ca5,TW,['s3-1_122_2-n.TW.obj']
60d50c7e069d361f20cb88f7538d1587,F,['s3-1_122_3-n.F.obj']
b618e6eaf103623cedbeebd924156433,L,['s3-1_122_3-n.L.obj']
93a7f93dbe915fe7b1aab2c733f7e31f,M,['s3-1_122_3-n.M.obj']
bfe87beeaeca99913f9037fab41ece1e,MW,['s3-1_122_3-n.MW.obj']
92cac93256cf10ec18315c2ab1aaaf42,T,['s3-1_122_3-n.T.obj']
3c4e1176ea946dfdd134d90137e13166,TW,['s3-1_122_3-n.TW.obj']
99cf5dab32748db8825a5fe4b9520d9d,F,['s3-1_124_1-n.F.obj']
d4b6cbc0835f8708e4a529bad09a0b8e,L,['s3-1_124_1-n.L.obj']
777cd772291a6aae28915821f886d3c6,M,['s3-1_124_1-n.M.obj']
5dfda321e261ca12b18283973a4417cd,MW,['s3-1_124_1-n.MW.obj']
72117f8a49ea56e21883eb2e0631f96c,S,"['s3-1_124_1-n.S.obj', 's3-1_124_2-n.S.obj', 's3-1_124_3-n.S.obj', 's3-3_195_1-n.S.obj', 's3_sky_12-g.S.obj']"
111f24748004f7ea95a0065b25e00b9f,T,['s3-1_124_1-n.T.obj']
1148e0c99911939432ec76b29e3d5eaf,TW,['s3-1_124_1-n.TW.obj']
4a8320448beda1110862b72f3dcbab7c,F,['s3-1_124_2-n.F.obj']
85f3b06dbe594093045864b34dde01e9,L,['s3-1_124_2-n.L.obj']
7c22d809ff264482d78de61092035358,M,['s3-1_124_2-n.M.obj']
de42783fda93ff859c81cb27159770ae,MW,['s3-1_124_2-n.MW.obj']
a63d505e4611870c982fd8dfb7cc5edf,T,['s3-1_124_2-n.T.obj']
20d4ad6c496fa855872514d9aeffb345,TW,['s3-1_124_2-n.TW.obj']
843e599fc25ef07017b8565198b177bb,F,['s3-1_124_3-n.F.obj']
a04e71e50a12b2ce265450ec9fd0bdb3,L,['s3-1_124_3-n.L.obj']
71dc5249a7fa633dcb6d47b7fd44238f,M,['s3-1_124_3-n.M.obj']
2dfdc34c7c5b0affcdcdf26a589d69e4,MW,['s3-1_124_3-n.MW.obj']
cb602cb0559d1a3c80f94c5771f5e39c,T,['s3-1_124_3-n.T.obj']
afe8f1b098f99489b3ad921116c78662,TW,['s3-1_124_3-n.TW.obj']
4ed2edc09f64146fa8ea6f5c1b2fdce4,F,['s3-1_126_1-n.F.obj']
9214c9707ccfb37486f4038047562013,L,['s3-1_126_1-n.L.obj']
e3291f898b1def974d01f61a8c2efb26,M,['s3-1_126_1-n.M.obj']
ba17661213787b00b8e664b1f94728e7,MW,['s3-1_126_1-n.MW.obj']
17a327fbcd02a1bddc71861b4cc8c872,S,"['s3-1_126_1-n.S.obj', 's3_sky_13-g.S.obj']"
4b44fc7f67b55defe8942e19d31b6765,T,['s3-1_126_1-n.T.obj']
a4f70c433a656f3686050d1a3663474b,TW,['s3-1_126_1-n.TW.obj']
4f6ce61dc0ffaf4c8ae29de42885f933,F,['s3-1_128_1-n.F.obj']
1c317e8d25b02bca9c0bdb166a3c1f7c,L,['s3-1_128_1-n.L.obj']
719ec843ab7b0c284cdc59723379e3ec,M,['s3-1_128_1-n.M.obj']
99e7d014d7552c2799d27825d326c90b,MW,['s3-1_128_1-n.MW.obj']
acc991eab725543a6b34dc54eac79aae,S,"['s3-1_128_1-n.S.obj', 's3_sky_14-g.S.obj']"
746847829eca80325be50b9aa6a44712,T,['s3-1_128_1-n.T.obj']
3b65959bc7317d2dbd21a53399d022fe,TW,['s3-1_128_1-n.TW.obj']
8f67b22d56dafb290a4995be08138fad,F,['s3-1_130_1-n.F.obj']
21220e6a573e0b426d106db696671134,L,['s3-1_130_1-n.L.obj']
e33e54806cb775469f2cdcfb8d058686,M,['s3-1_130_1-n.M.obj']
a2eef500ce04ff751116a6502390671a,MW,['s3-1_130_1-n.MW.obj']
4e2f9b6a67e983ae1f6488162017c1b9,S,['s3-1_130_1-n.S.obj']
f65d0a30409c05a1b1eb243512ad8fde,T,['s3-1_130_1-n.T.obj']
732668624f441d37769996c2591b804f,TW,['s3-1_130_1-n.TW.obj']
72f000e020030dfbd6a174f4dc81f7c1,F,['s3-1_132_1-n.F.obj']
d2410f648e58a38bf49fc370f28a1a60,L,['s3-1_132_1-n.L.obj']
b7adcecde316983150532480785df0f0,M,['s3-1_132_1-n.M.obj']
3dafff3d5189deed3f2684dc33dd917b,MW,['s3-1_132_1-n.MW.obj']
d153be9373177c97ed41190a7eafb8ae,T,['s3-1_132_1-n.T.obj']
02a7400c86bb7078d246cf71c010cfed,TW,['s3-1_132_1-n.TW.obj']
6f0685c1fa6fc3aeee6ebb844c07382c,F,['s3-1_134_1-n.F.obj']
edbbdae404b26c2e66b49e20b3155596,L,['s3-1_134_1-n.L.obj']
1e6928ffbf99b7e1806334bc85c87435,M,['s3-1_134_1-n.M.obj']
fae5a1c506ef567012f41d8ea99bac40,MW,['s3-1_134_1-n.MW.obj']
3703fa8895b9af164fbc12b0662e75a5,S,"['s3-1_134_1-n.S.obj', 's3-2_064_1-n.S.obj', 's3_sky_15-g.S.obj']"
d1c041677a9067ebf7cff3e632132b5e,T,['s3-1_134_1-n.T.obj']
faf3c183f569abe07d666f15cabd005d,TW,['s3-1_134_1-n.TW.obj']
e8872ef0238fcfd425bb17002e2b590f,F,['s3-1_136_1-n.F.obj']
acc5bc63461edd00c386d21afcd830fa,L,['s3-1_136_1-n.L.obj']
02423e17074fc5c17b7a5ebcc93445be,M,['s3-1_136_1-n.M.obj']
37553886cad75cc5609c3a142efa762f,MW,['s3-1_136_1-n.MW.obj']
efc739c52bf8174d134c01e5e4512c71,S,"['s3-1_136_1-n.S.obj', 's3-1_136_2-n.S.obj', 's3-1_136_3-n.S.obj', 's3_sky_16-g.S.obj']"
a0d944bcd3da407d469436a003f8e5dc,T,['s3-1_136_1-n.T.obj']
a36f1207ee027cad168dd828845a9342,TW,['s3-1_136_1-n.TW.obj']
bc76acd83e3d0d7cc9a67d2e66e7e15c,F,['s3-1_136_2-n.F.obj']
639fab50bb3e2a325e15e052600c218c,L,['s3-1_136_2-n.L.obj']
2f94203b5fb6e686d72d536d15725d2c,M,['s3-1_136_2-n.M.obj']
90db9a3efc061dc81694bfae23b36a22,MW,['s3-1_136_2-n.MW.obj']
fd536c8e40879d3cec4d1afd8089f09e,T,['s3-1_136_2-n.T.obj']
450f02ed54c980c133330a5ce009b3c8,TW,['s3-1_136_2-n.TW.obj']
4bf3da68ddef51917b6c42b81a3aac1a,F,['s3-1_136_3-n.F.obj']
bcbbd54622b4c37a8f0afe501245e9da,L,['s3-1_136_3-n.L.obj']
79bef7dd62e68bc0372e6cd5300963dc,M,['s3-1_136_3-n.M.obj']
f99b62fecd7e1a1a5d13c89830b66eef,MW,['s3-1_136_3-n.MW.obj']
ea7ccafd7f9285cd7b55734186c27796,T,['s3-1_136_3-n.T.obj']
e665d1e38a301b3c55c6fe95200f9940,TW,['s3-1_136_3-n.TW.obj']
ce8d83aca7baf94a36b43983a5c31b3f,F,['s3-1_138_1-n.F.obj']
4abff159af97e30ed406b8a0fa060e7b,L,['s3-1_138_1-n.L.obj']
f283faf798c70a4fad0cbe0287483597,M,['s3-1_138_1-n.M.obj']
84b73245f63a7baff8842679a5936d01,MW,['s3-1_138_1-n.MW.obj']
2d301291928b8f5abf23af4449db5927,T,['s3-1_138_1-n.T.obj']
b9b0a6b5f5a3e855e5699d4f0877804c,TW,['s3-1_138_1-n.TW.obj']
4b9513dc0845aad441905b6f10c98993,F,"['s3-1_138_2-n.F.obj', 's3-3_188_1-n.F.obj']"
b8d5447173f084191e805ff6c212b680,L,"['s3-1_138_2-n.L.obj', 's3-3_188_1-n.L.obj']"
1397418a5d1cb48ba178e6a305c9515c,M,"['s3-1_138_2-n.M.obj', 's3-3_188_1-n.M.obj']"
6eaa0540f21bc5d5e9e574e94f9481d9,MW,"['s3-1_138_2-n.MW.obj', 's3-3_188_1-n.MW.obj']"
81a57966ca21de4d537a864a4a4b1143,T,['s3-1_138_2-n.T.obj']
15ec5ffcf1768d5ecf3992d594a4eeff,TW,['s3-1_138_2-n.TW.obj']
25f195b8a59c9331485080c706637645,F,['s3-1_138_3-n.F.obj']
1f5bcea542687c348203a03286de6534,L,['s3-1_138_3-n.L.obj']
9523e423b67a33b01a428824994ed218,M,['s3-1_138_3-n.M.obj']
506dcc2971610cf5691e40fb40a4dbcc,MW,['s3-1_138_3-n.MW.obj']
6156bec8ebbcbb5569f5edbbe07d7d90,T,['s3-1_138_3-n.T.obj']
8de4f4e882f7523c0fe15519773df343,TW,['s3-1_138_3-n.TW.obj']
1cefd128dd7b77511bf405418118e81d,F,['s3-1_140_1-n.F.obj']
31f32a82ca91960b25f627adda9aa7f1,L,['s3-1_140_1-n.L.obj']
fab1c4c119069724b2702493956bb2b4,M,['s3-1_140_1-n.M.obj']
fafb1b59cfc95dc14c6ee9d2892296f0,MW,['s3-1_140_1-n.MW.obj']
ffafc2da81eb3af18a8948d312732e45,S,"['s3-1_140_1-n.S.obj', 's3-1_140_2-n.S.obj', 's3-1_140_3-n.S.obj', 's3-1_140_4-n.S.obj', 's3-2_007_1-n.S.obj', 's3-2_034_1-n.S.obj', 's3-2_046_1-n.S.obj', 's3-3_189_1-n.S.obj', 's3_sky_18-g.S.obj']"
04f6fce35df52c57762bda36a7d75756,T,['s3-1_140_1-n.T.obj']
d8bbc8398e9c88de85816cafe777699f,TW,['s3-1_140_1-n.TW.obj']
32bc25801c10adea894caee401e96ac6,F,"['s3-1_140_2-n.F.obj', 's3-3_189_1-n.F.obj']"
8b2869f5b6caade82194b97ee73edc0e,L,['s3-1_140_2-n.L.obj']
1371961f471b2e3e51ba6add6437f3f9,M,"['s3-1_140_2-n.M.obj', 's3-3_189_1-n.M.obj']"
1a97f34d451ce5d63e2bdad318c797a0,MW,"['s3-1_140_2-n.MW.obj', 's3-3_189_1-n.MW.obj']"
256a1bf6293345d8b2bdc770c6d6bfdc,T,['s3-1_140_2-n.T.obj']
7945ff475cd530507d01d3d5c12c5f59,TW,"['s3-1_140_2-n.TW.obj', 's3-3_189_1-n.TW.obj']"
2ba0475462e40dd68cd190570051ab66,F,['s3-1_140_3-n.F.obj']
98dfb9ffa190db403d681e473b6fa14e,L,['s3-1_140_3-n.L.obj']
8527d36041964e5ae40f3ccd1ead6b01,M,['s3-1_140_3-n.M.obj']
0edc179fa6afd6ddfe9aca98f6e1ca1c,MW,['s3-1_140_3-n.MW.obj']
2e69f7e488c92daf732accf364335e7b,T,['s3-1_140_3-n.T.obj']
818239e180248ffb4835ccd31ce527d7,TW,['s3-1_140_3-n.TW.obj']
4a1f1947f16cd9d1dccabbec83917039,F,['s3-1_140_4-n.F.obj']
c47c1663fe8c0c84d62c7c6830aa15ba,L,['s3-1_140_4-n.L.obj']
5fd3cb9f6ec05afcfe418b740dd49812,M,['s3-1_140_4-n.M.obj']
8df7bc36ce22e84a4e189c1c98636490,MW,['s3-1_140_4-n.MW.obj']
afecfaebfe9dc35bef27b5aba9d1b8f1,T,['s3-1_140_4-n.T.obj']
cb1b253d355468f0bc392c356a4d7cd7,TW,['s3-1_140_4-n.TW.obj']
730ec909eca711d7fb98cab00cba6f47,F,['s3-1_142_1-n.F.obj']
b94b643cd1b82094705deb323483a140,L,['s3-1_142_1-n.L.obj']
f59311de1ef51cb6e8757a6bb1d550b0,M,['s3-1_142_1-n.M.obj']
715c77b582f14c30ed033046db2f59d3,MW,['s3-1_142_1-n.MW.obj']
7231947ddee02b8eded3a41b0bcf48c2,S,"['s3-1_142_1-n.S.obj', 's3-1_142_2-n.S.obj', 's3-1_142_3-n.S.obj', 's3-3_192_1-n.S.obj', 's3_sky_19-g.S.obj']"
997e079381b70b839306e9fa63d57d2f,T,['s3-1_142_1-n.T.obj']
ea6fd202310123ee84ee60932aa1bb63,TW,['s3-1_142_1-n.TW.obj']
be68d540f3bd18c498617ab886482261,F,['s3-1_142_2-n.F.obj']
a189d2e90df6f5df755945d7805848aa,L,['s3-1_142_2-n.L.obj']
3b538a520e1c02dce22ae649839b84e1,M,['s3-1_142_2-n.M.obj']
053f8ce029a428e1fcd4d6802d7c332b,MW,['s3-1_142_2-n.MW.obj']
6c8c40712bec5c66f89d2ee9b9578d09,T,['s3-1_142_2-n.T.obj']
43727642bf6c741f9be97b00cd7c19ab,TW,['s3-1_142_2-n.TW.obj']
bdb6582d596296e25d7f31e48ffb5a03,F,"['s3-1_142_3-n.F.obj', 's3-3_192_1-n.F.obj']"
9cd0984f5e2a2b3048c8218caee3bff7,L,"['s3-1_142_3-n.L.obj', 's3-3_192_1-n.L.obj']"
68458b8d37ef0166b3147757adc2f7be,M,"['s3-1_142_3-n.M.obj', 's3-3_192_1-n.M.obj']"
2c492de7bfebf86171640e1115fb778b,MW,"['s3-1_142_3-n.MW.obj', 's3-3_192_1-n.MW.obj']"
79b1be40a5c5546d894ee6bf6f01682d,T,['s3-1_142_3-n.T.obj']
5236781100b1056ac311f10a274c3e4b,TW,"['s3-1_142_3-n.TW.obj', 's3-3_192_1-n.TW.obj']"
b817bbb2db66a86c7f42fd062488fdbe,F,['s3-1_144_1-n.F.obj']
0551e79fbf0a7bb2920b2715a5e4ecbb,L,['s3-1_144_1-n.L.obj']
2f96383adbb6b6af54d8d8a4b09fc6fa,M,['s3-1_144_1-n.M.obj']
8e36e63da172bef93e18ea2d72d94439,MW,['s3-1_144_1-n.MW.obj']
2dfc98baf7366a69f7c861883e7ccd1a,S,"['s3-1_144_1-n.S.obj', 's3_sky_20-g.S.obj']"
772db37e3daf06a36bc094c426693982,T,['s3-1_144_1-n.T.obj']
5052cde8a3c376c8055e216f07b8311c,TW,['s3-1_144_1-n.TW.obj']
bfbaba547eb5fed882e65adf24585618,F,['s3-1_146_1-n.F.obj']
8f03e9205b67835c3e2048bebb39277d,L,['s3-1_146_1-n.L.obj']
548d4387387f87d1fff8bf9a06c35775,M,['s3-1_146_1-n.M.obj']
66d592f31b2ae5eec2aeb921d708eead,MW,['s3-1_146_1-n.MW.obj']
14ebd004812967a0f90354f89ad02fd3,T,['s3-1_146_1-n.T.obj']
f2c3e9e56a1f6ec1cdcf2bae176b8f35,TW,['s3-1_146_1-n.TW.obj']
dd8e5c6684cf7948b0924c82012baaf8,F,['s3-1_148_1-n.F.obj']
a750fce126fe616a4f76bbd02ab746ed,L,['s3-1_148_1-n.L.obj']
2c877f0d670c241f41030b0906dff362,M,['s3-1_148_1-n.M.obj']
0b259d37e53c8602199353bf26fd0e6c,MW,['s3-1_148_1-n.MW.obj']
943c0c2e7dcc466d64f1bfc4bad630e0,S,['s3-1_148_1-n.S.obj']
7daf64af3534c17cf4d39fc065f9dfc5,T,['s3-1_148_1-n.T.obj']
5e1995a07d405cf04ace120b3a96b05c,TW,['s3-1_148_1-n.TW.obj']
56606cd895eb172845dafc1ee92e7f5d,F,['s3-1_150_1-n.F.obj']
ccdd96eb09a8faf0e1c9780528f3c6ae,L,['s3-1_150_1-n.L.obj']
fe9ef7b317a8742d645bc103b9d13f05,M,['s3-1_150_1-n.M.obj']
6c65bb8b0e05b13e611a93e7a264f3b4,MW,['s3-1_150_1-n.MW.obj']
f7bc83622341db2ef2ef61faf41f0dcd,S,['s3-1_150_1-n.S.obj']
ef5886ca67ff35246a4568944dd57c7c,T,['s3-1_150_1-n.T.obj']
d8da3d61fb08bdd82cdfe1d1bc06c076,TW,['s3-1_150_1-n.TW.obj']
feaed96d63929dce074c96309253f25c,F,['s3-1_152_1-n.F.obj']
6261ebcefb9674404105d1838355d4f6,L,['s3-1_152_1-n.L.obj']
9d20c5cb734d4c2672d937614dd54c15,M,['s3-1_152_1-n.M.obj']
b5f0535ae52228a0ff80793dbb1a8d48,MW,['s3-1_152_1-n.MW.obj']
4d94254f20a6057683586503c91d15a2,S,"['s3-1_152_1-n.S.obj', 's3-2_067_1-n.S.obj', 's3_sky_22-g.S.obj']"
19c70c34232f048d97f70284436add21,T,['s3-1_152_1-n.T.obj']
e6b23522f891ac4f740f7b68fe698588,TW,['s3-1_152_1-n.TW.obj']
c44e1b14c085094c2027b4b9e819ce96,F,['s3-1_154_1-n.F.obj']
4d5f8147feefa6dec27148fdf60031ec,L,['s3-1_154_1-n.L.obj']
91b9b649dbcb780df68ae2f32ebe00b2,M,['s3-1_154_1-n.M.obj']
bc60b8e2abc25a44640550317b028e68,MW,['s3-1_154_1-n.MW.obj']
627fb5915f3573cb0135e53aaf87aa5d,S,"['s3-1_154_1-n.S.obj', 's3-1_154_2-n.S.obj', 's3-1_154_3-n.S.obj', 's3_sky_23-g.S.obj']"
ee39d213947d52f6c4905f6e61efe773,T,['s3-1_154_1-n.T.obj']
32ba80c78e0cd53c744a90df80b087de,TW,['s3-1_154_1-n.TW.obj']
86d4fead5691020d2dd451b4cac0f84d,F,['s3-1_154_2-n.F.obj']
d49796833e6aab247a8b996530be194c,L,['s3-1_154_2-n.L.obj']
a830148371393356e47cdab7b51dd098,M,['s3-1_154_2-n.M.obj']
2f8aff04a972b0978896b42045688b06,MW,['s3-1_154_2-n.MW.obj']
eae265cf4927649f001f753a63d85ab2,T,['s3-1_154_2-n.T.obj']
f0f0d17471890b35e76f965e281bddd4,TW,['s3-1_154_2-n.TW.obj']
adabe27fc721bf8fad7a5fb307dd66a7,F,['s3-1_154_3-n.F.obj']
719f64fa9c68e49d461ecb30b88d8fe0,L,['s3-1_154_3-n.L.obj']
fe557c6cfc00b532ce9f0a88d34b88a6,M,['s3-1_154_3-n.M.obj']
fc26e663276ab9d1e5d12d08a300166f,MW,['s3-1_154_3-n.MW.obj']
4b6e61a56bac292df418d21a8e080af9,T,['s3-1_154_3-n.T.obj']
f9dd36d6cdbcfd5dd5c47e62ffad8c8b,TW,['s3-1_154_3-n.TW.obj']
39dc1b0aac223d3e7df37b2a6be29e61,F,['s3-1_156_1-n.F.obj']
3903d545f5e22fd00c3b71c28f2295ef,L,['s3-1_156_1-n.L.obj']
876b6c3ba98a25f90bedb46caa9cc8bb,M,['s3-1_156_1-n.M.obj']
72d33fb03482caa3fec526d26e5d5968,MW,['s3-1_156_1-n.MW.obj']
d93b0ce65bbdb88571ba2224b0c32f73,S,"['s3-1_156_1-n.S.obj', 's3-1_156_2-n.S.obj', 's3-1_156_3-n.S.obj', 's3-3_190_1-n.S.obj', 's3_sky_24-g.S.obj']"
10ab13975e017dac0a35d70478b55bc1,T,['s3-1_156_1-n.T.obj']
b32610b6dc9bbf223541e916ff3878f7,TW,['s3-1_156_1-n.TW.obj']
ad1ed0e353ec5a4ac5a3879bddb9e417,F,['s3-1_156_2-n.F.obj']
3acc65bce8126868420e3d5b3be7b174,L,['s3-1_156_2-n.L.obj']
27f6d7ff2c551ca7da6e1577feb84a85,M,['s3-1_156_2-n.M.obj']
0018d51fe4a80b6653183260a0140cdc,MW,['s3-1_156_2-n.MW.obj']
e7c7842b389cb61620e2d610b0510865,T,['s3-1_156_2-n.T.obj']
1421796dfee9e33fcfd448a046df1d13,TW,['s3-1_156_2-n.TW.obj']
27a7d2d03f352dbe7968cdf3dc979d4b,F,['s3-1_156_3-n.F.obj']
c6ff5f9005b082b53d1b7847796f1ae1,L,['s3-1_156_3-n.L.obj']
c1c76977b4bfc7caa3f905eade32990c,M,['s3-1_156_3-n.M.obj']
be50860e73aaffa4e6077480cafaeb80,MW,['s3-1_156_3-n.MW.obj']
0c655f84e206fea2fcca095afb7a0457,T,['s3-1_156_3-n.T.obj']
9efe8e4848e56835deafdc931093fe66,TW,['s3-1_156_3-n.TW.obj']
c6e34ab6a6f9a1577897717ffc8db80e,F,['s3-1_158_1-n.F.obj']
b91619f38f1b56d35a977b2f6916dcf3,L,['s3-1_158_1-n.L.obj']
5a968264f3e0d3d5109fd27ca2889d7a,M,['s3-1_158_1-n.M.obj']
c91ed160b3092b28d50f5df8c11a6761,MW,['s3-1_158_1-n.MW.obj']
7485c05461b0d5c7292ad7d2a4f60d5e,S,"['s3-1_158_1-n.S.obj', 's3-1_158_2-n.S.obj', 's3-1_158_3-n.S.obj', 's3_sky_25-g.S.obj']"
bdb19478b10e3964d6264dcfdeaf33e8,T,['s3-1_158_1-n.T.obj']
8b4e0526fe92795673463d1fd6b00c89,TW,['s3-1_158_1-n.TW.obj']
ad54d4987320db734cdbeff1dfb17c40,F,['s3-1_158_2-n.F.obj']
1f0bd735aff1759ff86d28a1512e80bd,L,['s3-1_158_2-n.L.obj']
fabf423ce611814b0e4d4c4a50e2d6e6,M,['s3-1_158_2-n.M.obj']
86a2b6b241d2b10c2c43e33ec887aaa5,MW,['s3-1_158_2-n.MW.obj']
890e2b059a9988165d9a474d8e21569c,T,['s3-1_158_2-n.T.obj']
ea05f7b5005272aa73d62eca88d2e259,TW,['s3-1_158_2-n.TW.obj']
961c1fdcb2b82b1acb25fda66b8fcaad,F,['s3-1_158_3-n.F.obj']
8d5fb000f7525c49e4cecf6d18f484e6,L,['s3-1_158_3-n.L.obj']
c1b5f68f6f7bf8a8788db17abdce88bd,M,['s3-1_158_3-n.M.obj']
4b40fab926c3229479f5168bf907faee,MW,['s3-1_158_3-n.MW.obj']
62d031bf3bb189f16745680d8816e917,T,['s3-1_158_3-n.T.obj']
6bbd5789a674b8c4368f3b7ffaf9cf1d,TW,['s3-1_158_3-n.TW.obj']
9b7a6b180665c07494c343d2c78b1c2e,F,['s3-1_160_1-n.F.obj']
58125dbba2542461701909e78eacec8e,L,['s3-1_160_1-n.L.obj']
21a125ae3b324e23630d11af3adbb4bd,M,['s3-1_160_1-n.M.obj']
a540a97a85f2197d6f663d74ccd2dd2c,MW,['s3-1_160_1-n.MW.obj']
495a0fb87b6e28fb893e92bb1441386e,T,['s3-1_160_1-n.T.obj']
bd7cb6712802b4762be7e2827559265f,TW,['s3-1_160_1-n.TW.obj']
4954a54543abeb42887ce3cd97cadbf4,F,['s3-1_160_2-n.F.obj']
6a43345a902bdad68f870e6ae956dad5,L,['s3-1_160_2-n.L.obj']
dcc925ee3ef65de8f29703c4368f3ad7,M,['s3-1_160_2-n.M.obj']
a344eb6b70185f49666881d71866647d,MW,['s3-1_160_2-n.MW.obj']
da6654f9c2571871f82700589d0ba358,T,['s3-1_160_2-n.T.obj']
564b52c9b86a9cd6052912f6f25efd33,TW,['s3-1_160_2-n.TW.obj']
3bbf04fd28b1cc8d8d85af7eb63a98e8,F,['s3-1_160_3-n.F.obj']
25c57bb8656492ee8499f6abdbd87d9b,L,['s3-1_160_3-n.L.obj']
2e52a5a8eb77fbf1e9d5b9906673d158,M,['s3-1_160_3-n.M.obj']
277852880f12df714482ad983fdbb662,MW,['s3-1_160_3-n.MW.obj']
8a19a27eee312d56b0ad947f1ee30882,T,['s3-1_160_3-n.T.obj']
62984bd73ba4e7cb0e0cdf2a8b666328,TW,['s3-1_160_3-n.TW.obj']
58bc4673796685b33b72e3ee1c6b69b0,F,['s3-1_160_4-n.F.obj']
1437998ec42cef137a65ded66e0be0e5,L,['s3-1_160_4-n.L.obj']
9a3df76129190ef1ea10f9ed6871b505,M,['s3-1_160_4-n.M.obj']
38ac1d0d4f254c15ee6d3277f123131b,MW,['s3-1_160_4-n.MW.obj']
92a4aa62804c8db35efd32969698ba96,T,['s3-1_160_4-n.T.obj']
1ebde31f27e1aaf222f074c624544cb2,TW,['s3-1_160_4-n.TW.obj']
2c149d999fe766c8ff40f476d8c5895a,F,['s3-1_162_1-n.F.obj']
fde15cff4db5283b2970322e21288ce5,L,['s3-1_162_1-n.L.obj']
9f6e221bf6babd79de703bbe413092a6,M,['s3-1_162_1-n.M.obj']
c9cc2328447a1daf6289e2d5a8ee1c7e,MW,['s3-1_162_1-n.MW.obj']
d34cf45c30f5b9b67b86ac1cc3794fb8,S,"['s3-1_162_1-n.S.obj', 's3_sky_27-g.S.obj']"
a9cd296ac7a7af9eae659ed0204f7f6a,T,['s3-1_162_1-n.T.obj']
e78a3ac7567ed0b7e0c8c793d7160eb6,TW,['s3-1_162_1-n.TW.obj']
1ec3ad9580317792564b81736faac110,F,['s3-1_164_1-n.F.obj']
0cd009d676a016ca180e256dbe2f412f,L,['s3-1_164_1-n.L.obj']
9886c72e5398eea61947eb1c493f9014,M,['s3-1_164_1-n.M.obj']
03701e27d73357b8b85b6c97f4e17fa1,MW,['s3-1_164_1-n.MW.obj']
5950e4894e0e8f6641b5643262b91ac2,S,"['s3-1_164_1-n.S.obj', 's3-2_037_1-n.S.obj', 's3_sky_28-g.S.obj']"
99f3f3aab08aae6e354aba7bbb42411a,T,['s3-1_164_1-n.T.obj']
2640209b2029c61a7db66b5f40d09db4,TW,['s3-1_164_1-n.TW.obj']
86c4cf8f43b464df8694a354662a2086,F,['s3-1_166_1-n.F.obj']
b3ebe9b2ec9d2117603b407cd041eb50,L,['s3-1_166_1-n.L.obj']
7eccc89bdb75b9470faf2e81c3a5a56a,M,['s3-1_166_1-n.M.obj']
a75d9ffc10bad34822ebbf63aa2ada6c,MW,['s3-1_166_1-n.MW.obj']
898d5784ff26b6fe4706011f8e25e203,S,['s3-1_166_1-n.S.obj']
dade034ccdeb040e46fffca75160a219,T,['s3-1_166_1-n.T.obj']
609ed8cb96153d809309e2840079745c,TW,['s3-1_166_1-n.TW.obj']
2f31c79961695e6dc3ba32c823059c01,F,['s3-1_168_1-n.F.obj']
d8f40480924ee30151af60c39ffaf888,L,['s3-1_168_1-n.L.obj']
b0597020e066d98b483db7d42b80dd28,M,['s3-1_168_1-n.M.obj']
dc45666781b8930d685c44798ae8650d,MW,['s3-1_168_1-n.MW.obj']
b7fc1a0ed6facb4923b2666f3e911512,S,"['s3-1_168_1-n.S.obj', 's3-3_193_1-n.S.obj']"
f12b6837415ed5a4340cf3ba08d5b7be,T,['s3-1_168_1-n.T.obj']
f6ffde1d9dea4026de93609ce101703d,TW,['s3-1_168_1-n.TW.obj']
2c7dcf2ed58bac334920e73d0fcb623d,F,['s3-1_170_1-n.F.obj']
c9f3138bcbb20d8a46f4ef8b90153457,L,['s3-1_170_1-n.L.obj']
b5abfe8d1a33e027029e38eaa81b7636,M,['s3-1_170_1-n.M.obj']
c8b18e31cbab50949635538c1f003cf0,MW,['s3-1_170_1-n.MW.obj']
fd71ae2453d4da4d7f7fd4ebc6c1177a,S,"['s3-1_170_1-n.S.obj', 's3-1_170_2-n.S.obj', 's3-1_170_3-n.S.obj', 's3-1_170_4-n.S.obj']"
8ca35c5ce06dd657d1d6256a9b95c8e4,T,['s3-1_170_1-n.T.obj']
d2ccda7e50475c473f9e79ad7b338651,TW,['s3-1_170_1-n.TW.obj']
51f8d5d8719c9d29efe65b079896cc10,F,['s3-1_170_2-n.F.obj']
5dbdc1958c012a23f2f3efb47dbf2003,L,['s3-1_170_2-n.L.obj']
27a5e62187bb66348d1bcee15d18c6de,M,['s3-1_170_2-n.M.obj']
79c8141562752ff8c8f9e2af49e9a8b4,MW,['s3-1_170_2-n.MW.obj']
2999fd618e31d3593fb34f799d46e464,T,['s3-1_170_2-n.T.obj']
5591b65879e49a014bccee4fa3ccf337,TW,['s3-1_170_2-n.TW.obj']
3d52399fa8de3dc78c3df72fddcb10e0,F,['s3-1_170_3-n.F.obj']
fca650979f58b6dde5099154ce00a042,L,['s3-1_170_3-n.L.obj']
9e257c4135f95ba7fb9a505903e3f9af,M,['s3-1_170_3-n.M.obj']
fb513ce34fa277a437d6b743958c1a63,MW,['s3-1_170_3-n.MW.obj']
6099aeb90b015e33378540713801f338,T,['s3-1_170_3-n.T.obj']
23398a3fb2dba88e5dbbd3ed55c949a0,TW,['s3-1_170_3-n.TW.obj']
ae227614581b5e7e50235eca7221ad0f,F,['s3-1_170_4-n.F.obj']
42f9d82878d26ca15ca64a88cb066fa6,L,['s3-1_170_4-n.L.obj']
b63de763952605b487806127fec23f58,M,['s3-1_170_4-n.M.obj']
6030bbf769986185926957e01031a2d1,MW,['s3-1_170_4-n.MW.obj']
2e15a0f5cb1c14f7b9e71d0990db298c,T,['s3-1_170_4-n.T.obj']
ec812f2f300e7dc99579146c9fbc434d,TW,['s3-1_170_4-n.TW.obj']
3b5ec9ee20665756cfd9e63c615a067e,F,['s3-2_007_1-n.F.obj']
8210ec289f8398a6307f4324ded49541,L,['s3-2_007_1-n.L.obj']
ff5db00196d936d6ce842c6174fb24fd,M,['s3-2_007_1-n.M.obj']
2aeee1ca97d0aa987748aabfca250609,MW,['s3-2_007_1-n.MW.obj']
e1fa78d54b7a9ce6e9e361fc67a4e5c3,T,['s3-2_007_1-n.T.obj']
af245d678d9497e960cdf3e2508d8f92,TW,['s3-2_007_1-n.TW.obj']
6d302d3c7461e73d13863e5c68f14b4c,F,"['s3-2_010_1-n.F.obj', 's3-2_055_1-n.F.obj']"
56478c38680a17270dea25bd4349dc27,L,"['s3-2_010_1-n.L.obj', 's3-2_055_1-n.L.obj']"
a1beb052451bf9303b7158d4069d0893,M,"['s3-2_010_1-n.M.obj', 's3-2_055_1-n.M.obj']"
91b1b0cf03fcc63e3e0a75b26322c648,MW,"['s3-2_010_1-n.MW.obj', 's3-2_055_1-n.MW.obj']"
0dacbd805185e7a850a5f2d1b152103e,T,"['s3-2_010_1-n.T.obj', 's3-2_055_1-n.T.obj']"
5dfc2202ab5d443a64ce7786f18a8abf,TW,"['s3-2_010_1-n.TW.obj', 's3-2_055_1-n.TW.obj']"
43180536009f6e55edfc66d9e4117562,F,['s3-2_013_1-n.F.obj']
c8ac3a60ad7ebf369d56f57133d8f9b3,L,['s3-2_013_1-n.L.obj']
acf77735fc061794caa5a04e2366657d,M,['s3-2_013_1-n.M.obj']
0145eb4e1a69c8a3c388d51c945e84b2,MW,['s3-2_013_1-n.MW.obj']
76d175cb59d56e05ecebfdd1e29b653b,T,['s3-2_013_1-n.T.obj']
beebe5d64bd8c842093c2d0ee18532dc,TW,['s3-2_013_1-n.TW.obj']
efb41f0de3f66d65f097ba93a7111766,F,"['s3-2_016_1-n.F.obj', 's3-2_022_1-n.F.obj']"
20fa86c77f8df4953a493a20c3cee0d3,L,"['s3-2_016_1-n.L.obj', 's3-2_022_1-n.L.obj']"
3af2baa0a243adc074c1baf0b177efc0,M,"['s3-2_016_1-n.M.obj', 's3-2_022_1-n.M.obj']"
f776e234a28d98302f1ae223134e7dd1,MW,"['s3-2_016_1-n.MW.obj', 's3-2_022_1-n.MW.obj']"
04f77b255dd92d6f330001e823992fb1,S,"['s3-2_016_1-n.S.obj', 's3-2_022_1-n.S.obj', 's3-2_025_1-n.S.obj', 's3-2_028_1-n.S.obj', 's3-2_031_1-n.S.obj']"
6af075425095eef1d1921ade9cdc036b,T,"['s3-2_016_1-n.T.obj', 's3-2_022_1-n.T.obj']"
28c84d0f8177b305d0012a973537adae,TW,"['s3-2_016_1-n.TW.obj', 's3-2_022_1-n.TW.obj']"
4fd07f94b3a23e89b1e49a4ff73c5dab,F,['s3-2_019_1-n.F.obj']
169da10ab0a7220849167ebcb4e30630,L,['s3-2_019_1-n.L.obj']
ae55a1c64e185879f617f01a6b2290aa,M,['s3-2_019_1-n.M.obj']
a132577fa081d8fa095c6b4bd5384ede,MW,['s3-2_019_1-n.MW.obj']
9572a2f01dd89f014ac42fbc788bfb63,T,['s3-2_019_1-n.T.obj']
d576a0e731dfb7cbeeac292b5205519e,TW,['s3-2_019_1-n.TW.obj']
d825b21f5ef1a2247ec1d1e248586005,F,['s3-2_025_1-n.F.obj']
35bdc0207ff6b1301a6233edc0c53841,L,['s3-2_025_1-n.L.obj']
68d81dc4c1f9f94de91f9114fbae0170,M,['s3-2_025_1-n.M.obj']
5404f5b9a94a4caf7d6b5324a79836e4,MW,['s3-2_025_1-n.MW.obj']
6cff1789a66cc422bf5af3b836ae8fd1,T,['s3-2_025_1-n.T.obj']
93b8a58bb013ac357735dd060eaecea1,TW,['s3-2_025_1-n.TW.obj']
1aa2bd689070211ab910ffa4d67bfc10,F,['s3-2_028_1-n.F.obj']
3e814058d360b9ba4456e150549af08b,L,['s3-2_028_1-n.L.obj']
a896e55c164de08b68398328634e4aca,M,['s3-2_028_1-n.M.obj']
a441188e81bae1f400bcf4efcb099cce,MW,['s3-2_028_1-n.MW.obj']
74a42fbe2a110e5ad1d5397d3ed92be1,T,['s3-2_028_1-n.T.obj']
da7e1542feda72154de249aba43a8978,TW,['s3-2_028_1-n.TW.obj']
ccd74fdb6454aafd26e2e3cbd89db71a,F,['s3-2_031_1-n.F.obj']
4561f407642c73dffcf7573822f95ffa,L,['s3-2_031_1-n.L.obj']
2bfd35951369c964ba9d3f13be578fe0,M,['s3-2_031_1-n.M.obj']
0e8175e599bc4523347d72998ebd2a84,MW,['s3-2_031_1-n.MW.obj']
705b4cffea5e65af993da1ec44cb13f7,T,['s3-2_031_1-n.T.obj']
4241c2c7ae68d0fa1ec0d2b19a5943a4,TW,['s3-2_031_1-n.TW.obj']
f30e1413cd23776a7d7cf4a9c9be0be7,F,['s3-2_034_1-n.F.obj']
8733801e72e9db03062a671a05cfb46f,L,['s3-2_034_1-n.L.obj']
8ef1264b100cd5c5597248d3997ed9c9,M,['s3-2_034_1-n.M.obj']
b775fbd104f9046ebaaa631b16ef384c,MW,['s3-2_034_1-n.MW.obj']
098aa2fa5dd376573e34cea8442a157f,T,['s3-2_034_1-n.T.obj']
a6fbe2884c6f59d3d8489fb6c2b3e1fe,TW,['s3-2_034_1-n.TW.obj']
be67bb74679082d932fbad5de690f11c,F,['s3-2_037_1-n.F.obj']
4336b62b4f75cb26fb2b61652771f854,L,['s3-2_037_1-n.L.obj']
2c27e8d4433ac4573107ea9beeb0ff3b,M,['s3-2_037_1-n.M.obj']
a9ed6653985ebaa8abb299bdcf1fd4c8,MW,['s3-2_037_1-n.MW.obj']
b54c02d45ed4f484287704ed655ce156,T,['s3-2_037_1-n.T.obj']
343cdab532966e2313eb858b0979033b,TW,['s3-2_037_1-n.TW.obj']
b415a552a3ebc833dffa1245ec803d33,F,['s3-2_040_1-n.F.obj']
f218cf0e438bc6b53bba161158bdc16b,L,['s3-2_040_1-n.L.obj']
bab256da6a928e097247648d96d3d4cd,M,['s3-2_040_1-n.M.obj']
5aa5eb75b33e940306fc37cb1bf12fba,MW,['s3-2_040_1-n.MW.obj']
734a8144304f96b6b94bb2efb6d60499,T,['s3-2_040_1-n.T.obj']
e39a7e23bc65bc472841ba5d4c4b105e,TW,['s3-2_040_1-n.TW.obj']
55d40d354a864e456e1c968de07deb99,F,['s3-2_046_1-n.F.obj']
1779f13bd25f0e8a536c6556686ac805,L,['s3-2_046_1-n.L.obj']
8a9ea0eef2c94f0e39fbcfcd9621d490,M,['s3-2_046_1-n.M.obj']
77c99d2374311b5b5c62826c08356b35,MW,['s3-2_046_1-n.MW.obj']
eb41bb46502eefcd1bdd218e7ab00f3b,T,['s3-2_046_1-n.T.obj']
ef9729dd589462287f077f472aaf1394,TW,['s3-2_046_1-n.TW.obj']
40d768298f0791dee1ec94f8ef691343,F,['s3-2_049_1-n.F.obj']
f1c44ad4fb23320b36bcfd023baf5823,L,['s3-2_049_1-n.L.obj']
0d804acc220d49456f74eefbefd0d599,M,['s3-2_049_1-n.M.obj']
1b2711cca0755b4643cf563be9e52a6b,MW,['s3-2_049_1-n.MW.obj']
0cacd48b4a513293157905628a4d262f,T,['s3-2_049_1-n.T.obj']
40e079800843c0f9e29aa251c64887a9,TW,['s3-2_049_1-n.TW.obj']
3b919bd799b9365d7930014621e2d0d6,F,['s3-2_052_1-n.F.obj']
0bf9032d16d36283e03c590997276ea5,L,['s3-2_052_1-n.L.obj']
853b800042ac42ef194cff9183476115,M,['s3-2_052_1-n.M.obj']
bf3fd78c65545099e0553e2cd46ce0b3,MW,['s3-2_052_1-n.MW.obj']
dc578f55abc9db0ba3279667f2d69cfd,T,['s3-2_052_1-n.T.obj']
34e503b4bc718dac8d42fcca423b4ed1,TW,['s3-2_052_1-n.TW.obj']
b6b760187d9ab95d3cd95dc4f1fe5552,F,['s3-2_058_1-n.F.obj']
7c148ce27bc8939d5832188f3a3ae220,L,['s3-2_058_1-n.L.obj']
0ef4badbfdcf29729342aee7a007d55f,M,['s3-2_058_1-n.M.obj']
7a4d18d21dca31cbde754cdf051b1f7d,MW,['s3-2_058_1-n.MW.obj']
9da5364d47937a745820bb122be3872b,T,['s3-2_058_1-n.T.obj']
781113456fcb7fe1775c1da752486a2b,TW,['s3-2_058_1-n.TW.obj']
fed0232ba50962c987fd1c234acf59a5,F,['s3-2_061_1-n.F.obj']
1eb49a0d5a0f76f2b60c62647140d005,L,['s3-2_061_1-n.L.obj']
558ea321cce1e2f721014178244a9840,M,['s3-2_061_1-n.M.obj']
6087e658a63f6fe1a2febe0d7d4be11a,MW,['s3-2_061_1-n.MW.obj']
4ee19e5582c476e42d5b7711d68bb6c3,S,['s3-2_061_1-n.S.obj']
8db848944fe34cb18c821381a078569a,T,['s3-2_061_1-n.T.obj']
387830d81ffd1b73e994b1d7d9922cc6,TW,['s3-2_061_1-n.TW.obj']
19af20914321994ccb1e18823dbc1c9f,F,['s3-2_064_1-n.F.obj']
255f888dafb0e360b8cf04d7ca3bcb95,L,['s3-2_064_1-n.L.obj']
6d8f5f65932d25aa71192965502a2ccd,M,['s3-2_064_1-n.M.obj']
e0545815cb50f7ec5293fc2bc14ded6e,MW,['s3-2_064_1-n.MW.obj']
af528984fdda3b340b5d8c9546cb6bed,T,['s3-2_064_1-n.T.obj']
a64eb2c6c27e2c5b6c94db5ba6076b64,TW,['s3-2_064_1-n.TW.obj']
d17c4e0df2bc1f69bdf582c76e75d29d,F,['s3-2_067_1-n.F.obj']
baa6c61a617cee05b57998c16c2fe210,L,['s3-2_067_1-n.L.obj']
c2e0a853cc1e2484cda05dc573a64e18,M,['s3-2_067_1-n.M.obj']
8c2e871976181b28fe533a52df80f4cb,MW,['s3-2_067_1-n.MW.obj']
19a4edcf66bef3fe0f466bb0214a213d,T,['s3-2_067_1-n.T.obj']
64d4b81ec4e8dedba994d2a19a1d314f,TW,['s3-2_067_1-n.TW.obj']
c73785a0d0b2291de046be89afb9e413,F,['s3-3_184_1-n.F.obj']
627261127d9fa75ecc8b1a3e76fa1890,L,['s3-3_184_1-n.L.obj']
496b00dc82da695baee95407a3476578,M,['s3-3_184_1-n.M.obj']
f3634dc4c14f367e89480e2bb176bd4f,MW,['s3-3_184_1-n.MW.obj']
ffa7464282b3104ad5e177aaf7227df7,T,['s3-3_184_1-n.T.obj']
3db20b14bfd1ffdc3e578ea683202713,TW,['s3-3_184_1-n.TW.obj']
2f719338ecfa14474734a73adc7b06c4,F,['s3-3_185_1-n.F.obj']
d100740ee0222456292e3c6c4c728f70,L,['s3-3_185_1-n.L.obj']
2a4fe6173cafd5dcb47e98a1911149f5,M,['s3-3_185_1-n.M.obj']
0cf148353a53591ec5ca82db199a0359,MW,['s3-3_185_1-n.MW.obj']
901b4d13248c96b2d0bd6406eaf1a2b7,T,['s3-3_185_1-n.T.obj']
514ed101e4ad90f69c407d24e80563cb,TW,['s3-3_185_1-n.TW.obj']
754e48a559d638e06d5f468f0ce08096,F,['s3-3_186_1-n.F.obj']
17c6f76e01dab73b6ada3183df0f4e28,L,['s3-3_186_1-n.L.obj']
fb294abc2e6002ee785f49fa74616f46,M,['s3-3_186_1-n.M.obj']
073373f6db20f4b5d91b05f067ed6320,MW,['s3-3_186_1-n.MW.obj']
a5d45cde7fd81101c0acc2086bd69127,T,['s3-3_186_1-n.T.obj']
a784f55f8f6dc56630ff51617ae169bb,TW,['s3-3_186_1-n.TW.obj']
2d12b8c46de206cd9fc03aa12df0f45c,F,['s3-3_187_1-n.F.obj']
c1766f358041dc9d5a8cacda691049e3,L,['s3-3_187_1-n.L.obj']
4b71de4793c15da0f27aedc5222b7132,M,['s3-3_187_1-n.M.obj']
10e8091b383e19485bde9ef4df446c75,MW,['s3-3_187_1-n.MW.obj']
179bf49fe1b11ecd3135c3cef097de83,S,['s3-3_187_1-n.S.obj']
55f6819afaa7f12611b6ed064180783f,T,['s3-3_187_1-n.T.obj']
46602d44992f797ed0ff3f6c6789923c,TW,['s3-3_187_1-n.TW.obj']
e1e26e107af78f2899cfdb0010d7c664,T,['s3-3_188_1-n.T.obj']
4eb4896ac2210d0c96b7b2f37fb53c42,TW,['s3-3_188_1-n.TW.obj']
453805ff2e73dbf3dc1adcf5684c474a,L,['s3-3_189_1-n.L.obj']
ae500ded501d845ba15a347a1b96b717,T,['s3-3_189_1-n.T.obj']
d8cd7f9a4713ca5a128f7c9c3aff5f0a,F,['s3-3_190_1-n.F.obj']
1af81489ba494be26ae1596875ccee25,L,['s3-3_190_1-n.L.obj']
3bdf7d37f50e41ca2ee44464058da1f5,M,['s3-3_190_1-n.M.obj']
3a9e3093f08358f1be94c481824e2cc1,MW,['s3-3_190_1-n.MW.obj']
3007a19210913f205fbbbc9976324a2f,T,['s3-3_190_1-n.T.obj']
c0ba650b2f8d3df57f1f361bb63929f6,TW,['s3-3_190_1-n.TW.obj']
ce14588eaf961393d7c0ba6cd4ee51c8,F,['s3-3_191_1-n.F.obj']
ee880270165f10b7c7fcb2f6772446e8,L,['s3-3_191_1-n.L.obj']
f7be70fd32278f91a89bd2bb580d3cbd,M,['s3-3_191_1-n.M.obj']
dfb52ee782f61cb09eb7f34b22b393c4,MW,['s3-3_191_1-n.MW.obj']
0ae470cb19e9b9e5c9981c9279e21d86,T,['s3-3_191_1-n.T.obj']
c4a179810b976efbb0707822629135e7,TW,['s3-3_191_1-n.TW.obj']
b7d58cac6ee27fecdd3f4b69c27384a9,T,['s3-3_192_1-n.T.obj']
0b5c81510870d143305b25ca0e92e425,F,['s3-3_193_1-n.F.obj']
cc3e9d66a8db2f9d028848822d6dd589,L,['s3-3_193_1-n.L.obj']
81af6f862087b8c190c731eb21923aa9,M,['s3-3_193_1-n.M.obj']
83b85761bc79b0608188281918fdff90,MW,['s3-3_193_1-n.MW.obj']
af08dedb7c74e098fd8eec4bc3ee730b,T,['s3-3_193_1-n.T.obj']
03a27598f706c75c2fbfebf723f70435,TW,['s3-3_193_1-n.TW.obj']
abce3467c0bbd00b1b2bf637483c4f36,F,['s3-3_194_1-n.F.obj']
20ff43329b3187c79ad21f3c04886304,L,['s3-3_194_1-n.L.obj']
ffd6856b34163c094a5c3dc7a0864709,M,['s3-3_194_1-n.M.obj']
d56c63a9ea8573fccae7b8f61f5fffab,MW,['s3-3_194_1-n.MW.obj']
3c781f59c218c8c95254df8dde0461f8,T,['s3-3_194_1-n.T.obj']
c495bc304cbfa5cbece9250ddfe37694,TW,['s3-3_194_1-n.TW.obj']
c84d19d7eb813bd14e8251ed6cdce0e5,F,['s3-3_195_1-n.F.obj']
289f5c674dc8fec3b7decee239377720,L,['s3-3_195_1-n.L.obj']
cc046fe9dd8087007725e4498a1f7997,M,['s3-3_195_1-n.M.obj']
f056e21a05b5039f80010e1ab5d528eb,MW,['s3-3_195_1-n.MW.obj']
0d512c45d72486ea5f7ea6402642be27,T,['s3-3_195_1-n.T.obj']
d8ce7698854bd79772df3b713028e0cf,TW,['s3-3_195_1-n.TW.obj']
